CREATE TABLE `Clients` (
  `clientId` varchar(36) NOT NULL,
  `name` varchar(200) DEFAULT NULL,
  PRIMARY KEY (`clientId`)
) ENGINE=InnoDB DEFAULT CHARSET=utf8mb4 COLLATE=utf8mb4_0900_ai_ci;

INSERT INTO `Clients` (`clientId`, `name`) VALUES ('c0000000001', 'Apple Limited');
INSERT INTO `Clients` (`clientId`, `name`) VALUES ('c0000000002', 'Banana Limited');
INSERT INTO `Clients` (`clientId`, `name`) VALUES ('c0000000003', 'Carrot Limited');
INSERT INTO `Clients` (`clientId`, `name`) VALUES ('c0000000004', 'Dandelion Limited');
INSERT INTO `Clients` (`clientId`, `name`) VALUES ('c0000000005', 'Eggplant Limited');
INSERT INTO `Clients` (`clientId`, `name`) VALUES ('c0000000006', 'Fennel plc');
INSERT INTO `Clients` (`clientId`, `name`) VALUES ('c0000000007', 'Gherkin Brothers');
INSERT INTO `Clients` (`clientId`, `name`) VALUES ('c0000000008', 'Horseradish Ltd');
INSERT INTO `Clients` (`clientId`, `name`) VALUES ('c0000000009', 'Iceberg plc');
INSERT INTO `Clients` (`clientId`, `name`) VALUES ('c0000000010', 'Jalapeño Limited');

CREATE TABLE `Properties` (
  `propertyId` varchar(36) NOT NULL,
  `clientId` varchar(45) DEFAULT NULL,
  `name` varchar(200) DEFAULT NULL,
  `code` varchar(10) DEFAULT NULL,
  PRIMARY KEY (`propertyId`),
  KEY `fkClients_idx` (`clientId`),
  CONSTRAINT `fkClients` FOREIGN KEY (`clientId`) REFERENCES `Clients` (`clientId`)
) ENGINE=InnoDB DEFAULT CHARSET=utf8mb4 COLLATE=utf8mb4_0900_ai_ci;

INSERT INTO `Properties` (`propertyId`, `clientId`, `name`, `code`) VALUES ('p00000001', 'c0000000002', 'Afghanistan', 'B2000');
INSERT INTO `Properties` (`propertyId`, `clientId`, `name`, `code`) VALUES ('p00000002', 'c0000000003', 'Albania', 'C3000');
INSERT INTO `Properties` (`propertyId`, `clientId`, `name`, `code`) VALUES ('p00000003', 'c0000000004', 'Algeria', 'D4000');
INSERT INTO `Properties` (`propertyId`, `clientId`, `name`, `code`) VALUES ('p00000004', 'c0000000005', 'Andorra', 'E5000');
INSERT INTO `Properties` (`propertyId`, `clientId`, `name`, `code`) VALUES ('p00000005', 'c0000000002', 'Angola', 'B6000');
INSERT INTO `Properties` (`propertyId`, `clientId`, `name`, `code`) VALUES ('p00000006', 'c0000000003', 'Antigua & Deps', 'C7000');
INSERT INTO `Properties` (`propertyId`, `clientId`, `name`, `code`) VALUES ('p00000007', 'c0000000004', 'Argentina', 'D8000');
INSERT INTO `Properties` (`propertyId`, `clientId`, `name`, `code`) VALUES ('p00000008', 'c0000000005', 'Armenia', 'E9000');
INSERT INTO `Properties` (`propertyId`, `clientId`, `name`, `code`) VALUES ('p00000009', 'c0000000001', 'Australia', 'A10000');
INSERT INTO `Properties` (`propertyId`, `clientId`, `name`, `code`) VALUES ('p00000010', 'c0000000001', 'Austria', 'A11000');
INSERT INTO `Properties` (`propertyId`, `clientId`, `name`, `code`) VALUES ('p00000011', 'c0000000001', 'Azerbaijan', 'A12000');
INSERT INTO `Properties` (`propertyId`, `clientId`, `name`, `code`) VALUES ('p00000012', 'c0000000001', 'Bahamas', 'A13000');
INSERT INTO `Properties` (`propertyId`, `clientId`, `name`, `code`) VALUES ('p00000013', 'c0000000001', 'Bahrain', 'A14000');
INSERT INTO `Properties` (`propertyId`, `clientId`, `name`, `code`) VALUES ('p00000014', 'c0000000007', 'Bangladesh', 'G15000');
INSERT INTO `Properties` (`propertyId`, `clientId`, `name`, `code`) VALUES ('p00000015', 'c0000000008', 'Barbados', 'H16000');
INSERT INTO `Properties` (`propertyId`, `clientId`, `name`, `code`) VALUES ('p00000016', 'c0000000009', 'Belarus', 'I17000');
INSERT INTO `Properties` (`propertyId`, `clientId`, `name`, `code`) VALUES ('p00000017', 'c0000000010', 'Belgium', 'J18000');
INSERT INTO `Properties` (`propertyId`, `clientId`, `name`, `code`) VALUES ('p00000018', 'c0000000001', 'Belize', 'A19000');
INSERT INTO `Properties` (`propertyId`, `clientId`, `name`, `code`) VALUES ('p00000019', 'c0000000002', 'Benin', 'B20000');
INSERT INTO `Properties` (`propertyId`, `clientId`, `name`, `code`) VALUES ('p00000020', 'c0000000003', 'Bhutan', 'C21000');
INSERT INTO `Properties` (`propertyId`, `clientId`, `name`, `code`) VALUES ('p00000021', 'c0000000004', 'Bolivia', 'D22000');
INSERT INTO `Properties` (`propertyId`, `clientId`, `name`, `code`) VALUES ('p00000022', 'c0000000005', 'Bosnia Herzegovina', 'E23000');
INSERT INTO `Properties` (`propertyId`, `clientId`, `name`, `code`) VALUES ('p00000023', 'c0000000003', 'Botswana', 'C24000');
INSERT INTO `Properties` (`propertyId`, `clientId`, `name`, `code`) VALUES ('p00000024', 'c0000000004', 'Brazil', 'D25000');
INSERT INTO `Properties` (`propertyId`, `clientId`, `name`, `code`) VALUES ('p00000025', 'c0000000005', 'Brunei', 'E26000');
INSERT INTO `Properties` (`propertyId`, `clientId`, `name`, `code`) VALUES ('p00000026', 'c0000000001', 'Bulgaria', 'A27000');
INSERT INTO `Properties` (`propertyId`, `clientId`, `name`, `code`) VALUES ('p00000027', 'c0000000001', 'Burkina', 'A28000');
INSERT INTO `Properties` (`propertyId`, `clientId`, `name`, `code`) VALUES ('p00000028', 'c0000000001', 'Burundi', 'A29000');
INSERT INTO `Properties` (`propertyId`, `clientId`, `name`, `code`) VALUES ('p00000029', 'c0000000001', 'Cambodia', 'A30000');
INSERT INTO `Properties` (`propertyId`, `clientId`, `name`, `code`) VALUES ('p00000030', 'c0000000001', 'Cameroon', 'A31000');
INSERT INTO `Properties` (`propertyId`, `clientId`, `name`, `code`) VALUES ('p00000031', 'c0000000009', 'Canada', 'I32000');
INSERT INTO `Properties` (`propertyId`, `clientId`, `name`, `code`) VALUES ('p00000032', 'c0000000003', 'Cape Verde', 'C33000');
INSERT INTO `Properties` (`propertyId`, `clientId`, `name`, `code`) VALUES ('p00000033', 'c0000000009', 'Central African Rep', 'I34000');
INSERT INTO `Properties` (`propertyId`, `clientId`, `name`, `code`) VALUES ('p00000034', 'c0000000003', 'Chad', 'C35000');


CREATE TABLE `AuditCompanies` (
  `auditcompanyId` varchar(36) NOT NULL,
  `name` varchar(200) DEFAULT NULL,
  PRIMARY KEY (`auditcompanyId`)
) ENGINE=InnoDB DEFAULT CHARSET=utf8mb4 COLLATE=utf8mb4_0900_ai_ci;

INSERT INTO `AuditCompanies` (`auditcompanyId`, `name`) VALUES ('ac000000001', 'QuidvisRisk Limited');
INSERT INTO `AuditCompanies` (`auditcompanyId`, `name`) VALUES ('ac000000002', 'Kings Secure Technologies Limited');

CREATE TABLE `Audits` (
  `auditId` varchar(36) NOT NULL,
  `auditDate` datetime DEFAULT NULL,
  `auditcompanyId` varchar(36) DEFAULT NULL,
  `propertyId` varchar(36) DEFAULT NULL,
  `status` varchar(45) DEFAULT NULL,
  `assessmentTypeId` varchar(10) DEFAULT NULL,
  `completedDate` datetime DEFAULT NULL,
  PRIMARY KEY (`auditId`),
  KEY `fkAuditCompanys_idx` (`auditcompanyId`),
  KEY `fkProperties_idx` (`propertyId`),
  CONSTRAINT `fkAuditCompanys` FOREIGN KEY (`auditcompanyId`) REFERENCES `AuditCompanies` (`auditcompanyId`),
  CONSTRAINT `fkProperties` FOREIGN KEY (`propertyId`) REFERENCES `Properties` (`propertyId`)
) ENGINE=InnoDB DEFAULT CHARSET=utf8mb4 COLLATE=utf8mb4_0900_ai_ci;

CREATE TABLE `Audits` (
  `auditId` varchar(36) NOT NULL,
  `auditDate` datetime DEFAULT NULL,
  `auditcompanyId` varchar(36) DEFAULT NULL,
  `propertyId` varchar(36) DEFAULT NULL,
  `status` varchar(45) DEFAULT NULL,
  `assessmentTypeId` varchar(10) DEFAULT NULL,
  `completedDate` datetime DEFAULT NULL,
  PRIMARY KEY (`auditId`),
  KEY `fkAuditCompanys_idx` (`auditcompanyId`),
  KEY `fkProperties_idx` (`propertyId`),
  CONSTRAINT `fkAuditCompanys` FOREIGN KEY (`auditcompanyId`) REFERENCES `AuditCompanies` (`auditcompanyId`),
  CONSTRAINT `fkProperties` FOREIGN KEY (`propertyId`) REFERENCES `Properties` (`propertyId`)
) ENGINE=InnoDB DEFAULT CHARSET=utf8mb4 COLLATE=utf8mb4_0900_ai_ci;

INSERT INTO `Audits` (`auditId`, `auditDate`, `auditcompanyId`, `propertyId`, `status`, `assessmentTypeId`, `completedDate`) VALUES ('a0000000001', '2024-07-01 09:00', 'ac000000001', 'p00000001', 'Complete', 'FDI', '2024-07-02 04:12');
INSERT INTO `Audits` (`auditId`, `auditDate`, `auditcompanyId`, `propertyId`, `status`, `assessmentTypeId`, `completedDate`) VALUES ('a0000000002', '2024-07-01 18:36', 'ac000000001', 'p00000002', 'Complete', 'FDI', '2024-07-02 13:48');
INSERT INTO `Audits` (`auditId`, `auditDate`, `auditcompanyId`, `propertyId`, `status`, `assessmentTypeId`, `completedDate`) VALUES ('a0000000003', '2024-07-02 04:12', 'ac000000001', 'p00000003', 'Complete', 'FDI', '2024-07-02 23:24');
INSERT INTO `Audits` (`auditId`, `auditDate`, `auditcompanyId`, `propertyId`, `status`, `assessmentTypeId`, `completedDate`) VALUES ('a0000000004', '2024-07-02 13:48', 'ac000000001', 'p00000004', 'Complete', 'FDI', '2024-07-03 09:00');
INSERT INTO `Audits` (`auditId`, `auditDate`, `auditcompanyId`, `propertyId`, `status`, `assessmentTypeId`, `completedDate`) VALUES ('a0000000005', '2024-07-02 23:24', 'ac000000001', 'p00000005', 'Complete', 'FDI', '2024-07-03 18:36');
INSERT INTO `Audits` (`auditId`, `auditDate`, `auditcompanyId`, `propertyId`, `status`, `assessmentTypeId`, `completedDate`) VALUES ('a0000000006', '2024-07-03 09:00', 'ac000000001', 'p00000006', 'Complete', 'FDI', '2024-07-04 04:12');
INSERT INTO `Audits` (`auditId`, `auditDate`, `auditcompanyId`, `propertyId`, `status`, `assessmentTypeId`, `completedDate`) VALUES ('a0000000007', '2024-07-03 18:36', 'ac000000001', 'p00000007', 'Complete', 'FDI', '2024-07-04 13:48');
INSERT INTO `Audits` (`auditId`, `auditDate`, `auditcompanyId`, `propertyId`, `status`, `assessmentTypeId`, `completedDate`) VALUES ('a0000000008', '2024-07-04 04:12', 'ac000000001', 'p00000008', 'Complete', 'FDI', '2024-07-04 23:24');
INSERT INTO `Audits` (`auditId`, `auditDate`, `auditcompanyId`, `propertyId`, `status`, `assessmentTypeId`, `completedDate`) VALUES ('a0000000009', '2024-07-04 13:48', 'ac000000001', 'p00000009', 'Complete', 'FDI', '2024-07-05 09:00');
INSERT INTO `Audits` (`auditId`, `auditDate`, `auditcompanyId`, `propertyId`, `status`, `assessmentTypeId`, `completedDate`) VALUES ('a0000000010', '2024-07-04 23:24', 'ac000000001', 'p00000010', 'Complete', 'FDI', '2024-07-05 18:36');
INSERT INTO `Audits` (`auditId`, `auditDate`, `auditcompanyId`, `propertyId`, `status`, `assessmentTypeId`, `completedDate`) VALUES ('a0000000011', '2024-07-05 09:00', 'ac000000001', 'p00000011', 'Complete', 'FDI', '2024-07-06 04:12');
INSERT INTO `Audits` (`auditId`, `auditDate`, `auditcompanyId`, `propertyId`, `status`, `assessmentTypeId`, `completedDate`) VALUES ('a0000000012', '2024-07-05 18:36', 'ac000000001', 'p00000012', 'Complete', 'FDI', '2024-07-06 13:48');
INSERT INTO `Audits` (`auditId`, `auditDate`, `auditcompanyId`, `propertyId`, `status`, `assessmentTypeId`, `completedDate`) VALUES ('a0000000013', '2024-07-06 04:12', 'ac000000001', 'p00000013', 'Complete', 'FDI', '2024-07-06 23:24');
INSERT INTO `Audits` (`auditId`, `auditDate`, `auditcompanyId`, `propertyId`, `status`, `assessmentTypeId`, `completedDate`) VALUES ('a0000000014', '2024-07-06 13:48', 'ac000000001', 'p00000014', 'Archived', 'FDI', '2024-07-07 09:00');
INSERT INTO `Audits` (`auditId`, `auditDate`, `auditcompanyId`, `propertyId`, `status`, `assessmentTypeId`, `completedDate`) VALUES ('a0000000015', '2024-07-06 23:24', 'ac000000002', 'p00000015', 'Archived', 'FDI', '2024-07-07 18:36');
INSERT INTO `Audits` (`auditId`, `auditDate`, `auditcompanyId`, `propertyId`, `status`, `assessmentTypeId`, `completedDate`) VALUES ('a0000000016', '2024-07-07 09:00', 'ac000000002', 'p00000016', 'Archived', 'FDI', '2024-07-08 04:12');
INSERT INTO `Audits` (`auditId`, `auditDate`, `auditcompanyId`, `propertyId`, `status`, `assessmentTypeId`, `completedDate`) VALUES ('a0000000017', '2024-07-07 18:36', 'ac000000002', 'p00000017', 'Archived', 'FDI', '2024-07-08 13:48');
INSERT INTO `Audits` (`auditId`, `auditDate`, `auditcompanyId`, `propertyId`, `status`, `assessmentTypeId`, `completedDate`) VALUES ('a0000000018', '2024-07-08 04:12', 'ac000000001', 'p00000018', 'Archived', 'FDI', '2024-07-08 23:24');
INSERT INTO `Audits` (`auditId`, `auditDate`, `auditcompanyId`, `propertyId`, `status`, `assessmentTypeId`, `completedDate`) VALUES ('a0000000019', '2024-07-08 13:48', 'ac000000001', 'p00000019', 'Archived', 'FDI', '2024-07-09 09:00');
INSERT INTO `Audits` (`auditId`, `auditDate`, `auditcompanyId`, `propertyId`, `status`, `assessmentTypeId`, `completedDate`) VALUES ('a0000000020', '2024-07-08 23:24', 'ac000000001', 'p00000020', 'Archived', 'FDI', '2024-07-09 18:36');
INSERT INTO `Audits` (`auditId`, `auditDate`, `auditcompanyId`, `propertyId`, `status`, `assessmentTypeId`, `completedDate`) VALUES ('a0000000021', '2024-07-09 09:00', 'ac000000001', 'p00000021', 'Archived', 'FDI', '2024-07-10 04:12');
INSERT INTO `Audits` (`auditId`, `auditDate`, `auditcompanyId`, `propertyId`, `status`, `assessmentTypeId`, `completedDate`) VALUES ('a0000000022', '2024-07-09 18:36', 'ac000000001', 'p00000022', 'Archived', 'FDI', '2024-07-10 13:48');
INSERT INTO `Audits` (`auditId`, `auditDate`, `auditcompanyId`, `propertyId`, `status`, `assessmentTypeId`, `completedDate`) VALUES ('a0000000023', '2024-07-10 04:12', 'ac000000001', 'p00000023', 'Archived', 'FDI', '2024-07-10 23:24');
INSERT INTO `Audits` (`auditId`, `auditDate`, `auditcompanyId`, `propertyId`, `status`, `assessmentTypeId`, `completedDate`) VALUES ('a0000000024', '2024-07-10 13:48', 'ac000000001', 'p00000024', 'Archived', 'FDI', '2024-07-11 09:00');
INSERT INTO `Audits` (`auditId`, `auditDate`, `auditcompanyId`, `propertyId`, `status`, `assessmentTypeId`, `completedDate`) VALUES ('a0000000025', '2024-07-10 23:24', 'ac000000001', 'p00000025', 'Archived', 'FDI', '2024-07-11 18:36');
INSERT INTO `Audits` (`auditId`, `auditDate`, `auditcompanyId`, `propertyId`, `status`, `assessmentTypeId`, `completedDate`) VALUES ('a0000000026', '2024-07-11 09:00', 'ac000000001', 'p00000026', 'Archived', 'FDI', '2024-07-12 04:12');
INSERT INTO `Audits` (`auditId`, `auditDate`, `auditcompanyId`, `propertyId`, `status`, `assessmentTypeId`, `completedDate`) VALUES ('a0000000027', '2024-07-11 18:36', 'ac000000001', 'p00000027', 'Archived', 'FDI', '2024-07-12 13:48');
INSERT INTO `Audits` (`auditId`, `auditDate`, `auditcompanyId`, `propertyId`, `status`, `assessmentTypeId`, `completedDate`) VALUES ('a0000000028', '2024-07-12 04:12', 'ac000000001', 'p00000028', 'Archived', 'FDI', '2024-07-12 23:24');
INSERT INTO `Audits` (`auditId`, `auditDate`, `auditcompanyId`, `propertyId`, `status`, `assessmentTypeId`, `completedDate`) VALUES ('a0000000029', '2024-07-12 13:48', 'ac000000001', 'p00000029', 'Archived', 'FDI', '2024-07-13 09:00');
INSERT INTO `Audits` (`auditId`, `auditDate`, `auditcompanyId`, `propertyId`, `status`, `assessmentTypeId`, `completedDate`) VALUES ('a0000000030', '2024-07-12 23:24', 'ac000000001', 'p00000030', 'Archived', 'FDI', '2024-07-13 18:36');
INSERT INTO `Audits` (`auditId`, `auditDate`, `auditcompanyId`, `propertyId`, `status`, `assessmentTypeId`, `completedDate`) VALUES ('a0000000031', '2024-07-13 09:00', 'ac000000001', 'p00000001', 'Started', 'FDI', null);
INSERT INTO `Audits` (`auditId`, `auditDate`, `auditcompanyId`, `propertyId`, `status`, `assessmentTypeId`, `completedDate`) VALUES ('a0000000032', '2024-07-13 18:36', 'ac000000002', 'p00000002', 'Started', 'FDI', null);
INSERT INTO `Audits` (`auditId`, `auditDate`, `auditcompanyId`, `propertyId`, `status`, `assessmentTypeId`, `completedDate`) VALUES ('a0000000033', '2024-07-14 04:12', 'ac000000002', 'p00000003', 'Started', 'FDI', null);
INSERT INTO `Audits` (`auditId`, `auditDate`, `auditcompanyId`, `propertyId`, `status`, `assessmentTypeId`, `completedDate`) VALUES ('a0000000034', '2024-07-14 13:48', 'ac000000002', 'p00000004', 'Started', 'FDI', null);
INSERT INTO `Audits` (`auditId`, `auditDate`, `auditcompanyId`, `propertyId`, `status`, `assessmentTypeId`, `completedDate`) VALUES ('a0000000035', '2024-07-14 23:24', 'ac000000001', 'p00000005', 'Started', 'FDI', null);
INSERT INTO `Audits` (`auditId`, `auditDate`, `auditcompanyId`, `propertyId`, `status`, `assessmentTypeId`, `completedDate`) VALUES ('a0000000036', '2024-07-15 09:00', 'ac000000001', 'p00000006', 'Started', 'FDI', null);
INSERT INTO `Audits` (`auditId`, `auditDate`, `auditcompanyId`, `propertyId`, `status`, `assessmentTypeId`, `completedDate`) VALUES ('a0000000037', '2024-07-15 18:36', 'ac000000001', 'p00000007', 'Started', 'FDI', null);
INSERT INTO `Audits` (`auditId`, `auditDate`, `auditcompanyId`, `propertyId`, `status`, `assessmentTypeId`, `completedDate`) VALUES ('a0000000038', '2024-07-16 04:12', 'ac000000001', 'p00000008', 'Started', 'FDI', null);
INSERT INTO `Audits` (`auditId`, `auditDate`, `auditcompanyId`, `propertyId`, `status`, `assessmentTypeId`, `completedDate`) VALUES ('a0000000039', '2024-07-16 13:48', 'ac000000001', 'p00000009', 'Started', 'FDI', null);
INSERT INTO `Audits` (`auditId`, `auditDate`, `auditcompanyId`, `propertyId`, `status`, `assessmentTypeId`, `completedDate`) VALUES ('a0000000040', '2024-07-16 23:24', 'ac000000001', 'p00000010', 'Started', 'FDI', null);
INSERT INTO `Audits` (`auditId`, `auditDate`, `auditcompanyId`, `propertyId`, `status`, `assessmentTypeId`, `completedDate`) VALUES ('a0000000041', '2024-07-17 09:00', 'ac000000001', 'p00000011', 'Started', 'FDI', null);
INSERT INTO `Audits` (`auditId`, `auditDate`, `auditcompanyId`, `propertyId`, `status`, `assessmentTypeId`, `completedDate`) VALUES ('a0000000042', '2024-07-17 18:36', 'ac000000001', 'p00000012', 'Started', 'FDI', null);
INSERT INTO `Audits` (`auditId`, `auditDate`, `auditcompanyId`, `propertyId`, `status`, `assessmentTypeId`, `completedDate`) VALUES ('a0000000043', '2024-07-18 04:12', 'ac000000001', 'p00000013', 'Started', 'FDI', null);
INSERT INTO `Audits` (`auditId`, `auditDate`, `auditcompanyId`, `propertyId`, `status`, `assessmentTypeId`, `completedDate`) VALUES ('a0000000044', '2024-07-18 13:48', 'ac000000001', 'p00000014', 'Started', 'FDI', null);
INSERT INTO `Audits` (`auditId`, `auditDate`, `auditcompanyId`, `propertyId`, `status`, `assessmentTypeId`, `completedDate`) VALUES ('a0000000045', '2024-07-18 23:24', 'ac000000001', 'p00000015', 'Started', 'FDI', null);
INSERT INTO `Audits` (`auditId`, `auditDate`, `auditcompanyId`, `propertyId`, `status`, `assessmentTypeId`, `completedDate`) VALUES ('a0000000046', '2024-07-19 09:00', 'ac000000001', 'p00000016', 'Started', 'FDI', null);
INSERT INTO `Audits` (`auditId`, `auditDate`, `auditcompanyId`, `propertyId`, `status`, `assessmentTypeId`, `completedDate`) VALUES ('a0000000047', '2024-07-19 18:36', 'ac000000001', 'p00000017', 'Started', 'FDI', null);
INSERT INTO `Audits` (`auditId`, `auditDate`, `auditcompanyId`, `propertyId`, `status`, `assessmentTypeId`, `completedDate`) VALUES ('a0000000048', '2024-07-20 04:12', 'ac000000001', 'p00000018', 'New', 'FDI', null);
INSERT INTO `Audits` (`auditId`, `auditDate`, `auditcompanyId`, `propertyId`, `status`, `assessmentTypeId`, `completedDate`) VALUES ('a0000000049', '2024-07-20 13:48', 'ac000000002', 'p00000019', 'New', 'FDI', null);
INSERT INTO `Audits` (`auditId`, `auditDate`, `auditcompanyId`, `propertyId`, `status`, `assessmentTypeId`, `completedDate`) VALUES ('a0000000050', '2024-07-20 23:24', 'ac000000001', 'p00000020', 'New', 'FDI', null);
INSERT INTO `Audits` (`auditId`, `auditDate`, `auditcompanyId`, `propertyId`, `status`, `assessmentTypeId`, `completedDate`) VALUES ('a0000000051', '2024-07-21 09:00', 'ac000000001', 'p00000021', 'New', 'FDI', null);
INSERT INTO `Audits` (`auditId`, `auditDate`, `auditcompanyId`, `propertyId`, `status`, `assessmentTypeId`, `completedDate`) VALUES ('a0000000052', '2024-07-21 18:36', 'ac000000001', 'p00000022', 'New', 'FDI', null);
INSERT INTO `Audits` (`auditId`, `auditDate`, `auditcompanyId`, `propertyId`, `status`, `assessmentTypeId`, `completedDate`) VALUES ('a0000000053', '2024-07-22 04:12', 'ac000000001', 'p00000023', 'New', 'FDI', null);
INSERT INTO `Audits` (`auditId`, `auditDate`, `auditcompanyId`, `propertyId`, `status`, `assessmentTypeId`, `completedDate`) VALUES ('a0000000054', '2024-07-22 13:48', 'ac000000001', 'p00000024', 'New', 'FDI', null);
INSERT INTO `Audits` (`auditId`, `auditDate`, `auditcompanyId`, `propertyId`, `status`, `assessmentTypeId`, `completedDate`) VALUES ('a0000000055', '2024-07-22 23:24', 'ac000000001', 'p00000025', 'New', 'FDI', null);
INSERT INTO `Audits` (`auditId`, `auditDate`, `auditcompanyId`, `propertyId`, `status`, `assessmentTypeId`, `completedDate`) VALUES ('a0000000056', '2024-07-23 09:00', 'ac000000001', 'p00000026', 'New', 'FDI', null);
INSERT INTO `Audits` (`auditId`, `auditDate`, `auditcompanyId`, `propertyId`, `status`, `assessmentTypeId`, `completedDate`) VALUES ('a0000000057', '2024-07-23 18:36', 'ac000000001', 'p00000027', 'New', 'FDI', null);
INSERT INTO `Audits` (`auditId`, `auditDate`, `auditcompanyId`, `propertyId`, `status`, `assessmentTypeId`, `completedDate`) VALUES ('a0000000058', '2024-07-24 04:12', 'ac000000001', 'p00000014', 'Unable', 'FRA', null);
INSERT INTO `Audits` (`auditId`, `auditDate`, `auditcompanyId`, `propertyId`, `status`, `assessmentTypeId`, `completedDate`) VALUES ('a0000000059', '2024-07-24 13:48', 'ac000000001', 'p00000015', 'Unable', 'FRA', null);
INSERT INTO `Audits` (`auditId`, `auditDate`, `auditcompanyId`, `propertyId`, `status`, `assessmentTypeId`, `completedDate`) VALUES ('a0000000060', '2024-07-24 23:24', 'ac000000001', 'p00000016', 'Unable', 'FRA', null);
INSERT INTO `Audits` (`auditId`, `auditDate`, `auditcompanyId`, `propertyId`, `status`, `assessmentTypeId`, `completedDate`) VALUES ('a0000000061', '2024-07-25 09:00', 'ac000000001', 'p00000017', 'Unable', 'FRA', null);
INSERT INTO `Audits` (`auditId`, `auditDate`, `auditcompanyId`, `propertyId`, `status`, `assessmentTypeId`, `completedDate`) VALUES ('a0000000062', '2024-07-25 18:36', 'ac000000001', 'p00000018', 'Unable', 'FRA', null);
INSERT INTO `Audits` (`auditId`, `auditDate`, `auditcompanyId`, `propertyId`, `status`, `assessmentTypeId`, `completedDate`) VALUES ('a0000000063', '2024-07-26 04:12', 'ac000000001', 'p00000019', 'Unable', 'FRA', null);
INSERT INTO `Audits` (`auditId`, `auditDate`, `auditcompanyId`, `propertyId`, `status`, `assessmentTypeId`, `completedDate`) VALUES ('a0000000064', '2024-07-26 13:48', 'ac000000002', 'p00000020', 'Unable', 'FRA', null);
INSERT INTO `Audits` (`auditId`, `auditDate`, `auditcompanyId`, `propertyId`, `status`, `assessmentTypeId`, `completedDate`) VALUES ('a0000000065', '2024-07-26 23:24', 'ac000000002', 'p00000021', 'Unable', 'FRA', null);
INSERT INTO `Audits` (`auditId`, `auditDate`, `auditcompanyId`, `propertyId`, `status`, `assessmentTypeId`, `completedDate`) VALUES ('a0000000066', '2024-07-27 09:00', 'ac000000002', 'p00000022', 'Unable', 'FRA', null);
INSERT INTO `Audits` (`auditId`, `auditDate`, `auditcompanyId`, `propertyId`, `status`, `assessmentTypeId`, `completedDate`) VALUES ('a0000000067', '2024-07-27 18:36', 'ac000000002', 'p00000023', 'Unable', 'FRA', null);
INSERT INTO `Audits` (`auditId`, `auditDate`, `auditcompanyId`, `propertyId`, `status`, `assessmentTypeId`, `completedDate`) VALUES ('a0000000068', '2024-07-28 04:12', 'ac000000001', 'p00000024', 'Unable', 'FRA', null);
INSERT INTO `Audits` (`auditId`, `auditDate`, `auditcompanyId`, `propertyId`, `status`, `assessmentTypeId`, `completedDate`) VALUES ('a0000000069', '2024-07-28 13:48', 'ac000000001', 'p00000025', 'Unable', 'FRA', null);
INSERT INTO `Audits` (`auditId`, `auditDate`, `auditcompanyId`, `propertyId`, `status`, `assessmentTypeId`, `completedDate`) VALUES ('a0000000070', '2024-07-28 23:24', 'ac000000001', 'p00000026', 'Review', 'FDI', null);
INSERT INTO `Audits` (`auditId`, `auditDate`, `auditcompanyId`, `propertyId`, `status`, `assessmentTypeId`, `completedDate`) VALUES ('a0000000071', '2024-07-29 09:00', 'ac000000001', 'p00000027', 'Review', 'FDI', null);
INSERT INTO `Audits` (`auditId`, `auditDate`, `auditcompanyId`, `propertyId`, `status`, `assessmentTypeId`, `completedDate`) VALUES ('a0000000072', '2024-07-29 18:36', 'ac000000001', 'p00000028', 'Review', 'FDI', null);
INSERT INTO `Audits` (`auditId`, `auditDate`, `auditcompanyId`, `propertyId`, `status`, `assessmentTypeId`, `completedDate`) VALUES ('a0000000073', '2024-07-30 04:12', 'ac000000001', 'p00000029', 'Review', 'FDI', null);
INSERT INTO `Audits` (`auditId`, `auditDate`, `auditcompanyId`, `propertyId`, `status`, `assessmentTypeId`, `completedDate`) VALUES ('a0000000074', '2024-07-30 13:48', 'ac000000001', 'p00000030', 'Review', 'FDI', null);
INSERT INTO `Audits` (`auditId`, `auditDate`, `auditcompanyId`, `propertyId`, `status`, `assessmentTypeId`, `completedDate`) VALUES ('a0000000075', '2024-07-30 23:24', 'ac000000001', 'p00000031', 'Review', 'FDI', null);
INSERT INTO `Audits` (`auditId`, `auditDate`, `auditcompanyId`, `propertyId`, `status`, `assessmentTypeId`, `completedDate`) VALUES ('a0000000076', '2024-07-31 09:00', 'ac000000001', 'p00000032', 'Review', 'FDI', null);
INSERT INTO `Audits` (`auditId`, `auditDate`, `auditcompanyId`, `propertyId`, `status`, `assessmentTypeId`, `completedDate`) VALUES ('a0000000077', '2024-07-31 18:36', 'ac000000001', 'p00000033', 'Review', 'FDI', null);
INSERT INTO `Audits` (`auditId`, `auditDate`, `auditcompanyId`, `propertyId`, `status`, `assessmentTypeId`, `completedDate`) VALUES ('a0000000078', '2024-08-01 04:12', 'ac000000001', 'p00000034', 'Review', 'FDI', null);
INSERT INTO `Audits` (`auditId`, `auditDate`, `auditcompanyId`, `propertyId`, `status`, `assessmentTypeId`, `completedDate`) VALUES ('a0000000079', '2024-08-01 13:48', 'ac000000001', 'p00000005', 'Review', 'FDI', null);
INSERT INTO `Audits` (`auditId`, `auditDate`, `auditcompanyId`, `propertyId`, `status`, `assessmentTypeId`, `completedDate`) VALUES ('a0000000080', '2024-08-01 23:24', 'ac000000001', 'p00000006', 'Review', 'FDI', null);
INSERT INTO `Audits` (`auditId`, `auditDate`, `auditcompanyId`, `propertyId`, `status`, `assessmentTypeId`, `completedDate`) VALUES ('a0000000081', '2024-08-02 09:00', 'ac000000001', 'p00000007', 'Review', 'FDI', null);
INSERT INTO `Audits` (`auditId`, `auditDate`, `auditcompanyId`, `propertyId`, `status`, `assessmentTypeId`, `completedDate`) VALUES ('a0000000082', '2024-08-02 18:36', 'ac000000002', 'p00000008', 'Review', 'FDI', null);
INSERT INTO `Audits` (`auditId`, `auditDate`, `auditcompanyId`, `propertyId`, `status`, `assessmentTypeId`, `completedDate`) VALUES ('a0000000083', '2024-08-03 04:12', 'ac000000002', 'p00000009', 'Review', 'FDI', null);
INSERT INTO `Audits` (`auditId`, `auditDate`, `auditcompanyId`, `propertyId`, `status`, `assessmentTypeId`, `completedDate`) VALUES ('a0000000084', '2024-08-03 13:48', 'ac000000002', 'p00000010', 'Review', 'FDI', null);
INSERT INTO `Audits` (`auditId`, `auditDate`, `auditcompanyId`, `propertyId`, `status`, `assessmentTypeId`, `completedDate`) VALUES ('a0000000085', '2024-08-03 23:24', 'ac000000002', 'p00000011', 'Review', 'FDI', null);
INSERT INTO `Audits` (`auditId`, `auditDate`, `auditcompanyId`, `propertyId`, `status`, `assessmentTypeId`, `completedDate`) VALUES ('a0000000086', '2024-08-04 09:00', 'ac000000001', 'p00000012', 'QC Ready', 'FDI', '2024-08-05 04:12');
INSERT INTO `Audits` (`auditId`, `auditDate`, `auditcompanyId`, `propertyId`, `status`, `assessmentTypeId`, `completedDate`) VALUES ('a0000000087', '2024-08-04 18:36', 'ac000000001', 'p00000013', 'QC Ready', 'FDI', '2024-08-05 13:48');
INSERT INTO `Audits` (`auditId`, `auditDate`, `auditcompanyId`, `propertyId`, `status`, `assessmentTypeId`, `completedDate`) VALUES ('a0000000088', '2024-08-05 04:12', 'ac000000001', 'p00000014', 'QC Ready', 'FDI', '2024-08-05 23:24');
INSERT INTO `Audits` (`auditId`, `auditDate`, `auditcompanyId`, `propertyId`, `status`, `assessmentTypeId`, `completedDate`) VALUES ('a0000000089', '2024-08-05 13:48', 'ac000000001', 'p00000015', 'QC Ready', 'FDI', '2024-08-06 09:00');
INSERT INTO `Audits` (`auditId`, `auditDate`, `auditcompanyId`, `propertyId`, `status`, `assessmentTypeId`, `completedDate`) VALUES ('a0000000090', '2024-08-05 23:24', 'ac000000001', 'p00000016', 'QC Ready', 'FDI', '2024-08-06 18:36');
INSERT INTO `Audits` (`auditId`, `auditDate`, `auditcompanyId`, `propertyId`, `status`, `assessmentTypeId`, `completedDate`) VALUES ('a0000000091', '2024-08-06 09:00', 'ac000000001', 'p00000017', 'QC Ready', 'FDI', '2024-08-07 04:12');
INSERT INTO `Audits` (`auditId`, `auditDate`, `auditcompanyId`, `propertyId`, `status`, `assessmentTypeId`, `completedDate`) VALUES ('a0000000092', '2024-08-06 18:36', 'ac000000001', 'p00000018', 'QC Ready', 'FDI', '2024-08-07 13:48');
INSERT INTO `Audits` (`auditId`, `auditDate`, `auditcompanyId`, `propertyId`, `status`, `assessmentTypeId`, `completedDate`) VALUES ('a0000000093', '2024-08-07 04:12', 'ac000000001', 'p00000019', 'QC Ready', 'FDI', '2024-08-07 23:24');
INSERT INTO `Audits` (`auditId`, `auditDate`, `auditcompanyId`, `propertyId`, `status`, `assessmentTypeId`, `completedDate`) VALUES ('a0000000094', '2024-08-07 13:48', 'ac000000001', 'p00000020', 'QC Ready', 'FDI', '2024-08-08 09:00');
INSERT INTO `Audits` (`auditId`, `auditDate`, `auditcompanyId`, `propertyId`, `status`, `assessmentTypeId`, `completedDate`) VALUES ('a0000000095', '2024-08-07 23:24', 'ac000000001', 'p00000021', 'QC Ready', 'FDI', '2024-08-08 18:36');
INSERT INTO `Audits` (`auditId`, `auditDate`, `auditcompanyId`, `propertyId`, `status`, `assessmentTypeId`, `completedDate`) VALUES ('a0000000096', '2024-08-08 09:00', 'ac000000001', 'p00000022', 'QC Ready', 'FDI', '2024-08-09 04:12');
INSERT INTO `Audits` (`auditId`, `auditDate`, `auditcompanyId`, `propertyId`, `status`, `assessmentTypeId`, `completedDate`) VALUES ('a0000000097', '2024-08-08 18:36', 'ac000000001', 'p00000023', 'QC Ready', 'FDI', '2024-08-09 13:48');
INSERT INTO `Audits` (`auditId`, `auditDate`, `auditcompanyId`, `propertyId`, `status`, `assessmentTypeId`, `completedDate`) VALUES ('a0000000098', '2024-08-09 04:12', 'ac000000001', 'p00000024', 'QC Ready', 'FDI', '2024-08-09 23:24');
INSERT INTO `Audits` (`auditId`, `auditDate`, `auditcompanyId`, `propertyId`, `status`, `assessmentTypeId`, `completedDate`) VALUES ('a0000000099', '2024-08-09 13:48', 'ac000000001', 'p00000025', 'QC Ready', 'FDI', '2024-08-10 09:00');

CREATE TABLE `Floors` (
  `floorId` varchar(36) NOT NULL,
  `auditId` varchar(36) DEFAULT NULL,
  `name` varchar(200) DEFAULT NULL,
  PRIMARY KEY (`floorId`),
  KEY `fkAudits_idx` (`auditId`),
  CONSTRAINT `fkAudits` FOREIGN KEY (`auditId`) REFERENCES `Audits` (`auditId`)
) ENGINE=InnoDB DEFAULT CHARSET=utf8mb4 COLLATE=utf8mb4_0900_ai_ci;

INSERT INTO `Floors` (`floorId`, `auditId`, `name`) VALUES ('f000000001', 'a0000000001', 'Ground Floor');
INSERT INTO `Floors` (`floorId`, `auditId`, `name`) VALUES ('f000000002', 'a0000000002', 'Ground Floor');
INSERT INTO `Floors` (`floorId`, `auditId`, `name`) VALUES ('f000000003', 'a0000000003', 'Ground Floor');
INSERT INTO `Floors` (`floorId`, `auditId`, `name`) VALUES ('f000000004', 'a0000000004', 'Ground Floor');
INSERT INTO `Floors` (`floorId`, `auditId`, `name`) VALUES ('f000000005', 'a0000000005', 'Ground Floor');
INSERT INTO `Floors` (`floorId`, `auditId`, `name`) VALUES ('f000000006', 'a0000000006', 'Ground Floor');
INSERT INTO `Floors` (`floorId`, `auditId`, `name`) VALUES ('f000000007', 'a0000000007', 'Ground Floor');
INSERT INTO `Floors` (`floorId`, `auditId`, `name`) VALUES ('f000000008', 'a0000000008', 'Ground Floor');
INSERT INTO `Floors` (`floorId`, `auditId`, `name`) VALUES ('f000000009', 'a0000000009', 'Ground Floor');
INSERT INTO `Floors` (`floorId`, `auditId`, `name`) VALUES ('f000000010', 'a0000000010', 'Ground Floor');
INSERT INTO `Floors` (`floorId`, `auditId`, `name`) VALUES ('f000000011', 'a0000000011', 'Ground Floor');
INSERT INTO `Floors` (`floorId`, `auditId`, `name`) VALUES ('f000000012', 'a0000000012', 'Ground Floor');
INSERT INTO `Floors` (`floorId`, `auditId`, `name`) VALUES ('f000000013', 'a0000000013', 'Ground Floor');
INSERT INTO `Floors` (`floorId`, `auditId`, `name`) VALUES ('f000000014', 'a0000000014', 'Ground Floor');
INSERT INTO `Floors` (`floorId`, `auditId`, `name`) VALUES ('f000000015', 'a0000000015', 'Ground Floor');
INSERT INTO `Floors` (`floorId`, `auditId`, `name`) VALUES ('f000000016', 'a0000000016', 'Ground Floor');
INSERT INTO `Floors` (`floorId`, `auditId`, `name`) VALUES ('f000000017', 'a0000000017', 'Ground Floor');
INSERT INTO `Floors` (`floorId`, `auditId`, `name`) VALUES ('f000000018', 'a0000000018', 'Ground Floor');
INSERT INTO `Floors` (`floorId`, `auditId`, `name`) VALUES ('f000000019', 'a0000000019', 'Ground Floor');
INSERT INTO `Floors` (`floorId`, `auditId`, `name`) VALUES ('f000000020', 'a0000000020', 'Ground Floor');
INSERT INTO `Floors` (`floorId`, `auditId`, `name`) VALUES ('f000000021', 'a0000000021', 'Ground Floor');
INSERT INTO `Floors` (`floorId`, `auditId`, `name`) VALUES ('f000000022', 'a0000000022', 'Ground Floor');
INSERT INTO `Floors` (`floorId`, `auditId`, `name`) VALUES ('f000000023', 'a0000000023', 'Ground Floor');
INSERT INTO `Floors` (`floorId`, `auditId`, `name`) VALUES ('f000000024', 'a0000000024', 'Ground Floor');
INSERT INTO `Floors` (`floorId`, `auditId`, `name`) VALUES ('f000000025', 'a0000000025', 'Ground Floor');
INSERT INTO `Floors` (`floorId`, `auditId`, `name`) VALUES ('f000000026', 'a0000000026', 'Ground Floor');
INSERT INTO `Floors` (`floorId`, `auditId`, `name`) VALUES ('f000000027', 'a0000000027', 'Ground Floor');
INSERT INTO `Floors` (`floorId`, `auditId`, `name`) VALUES ('f000000028', 'a0000000028', 'Ground Floor');
INSERT INTO `Floors` (`floorId`, `auditId`, `name`) VALUES ('f000000029', 'a0000000029', 'Ground Floor');
INSERT INTO `Floors` (`floorId`, `auditId`, `name`) VALUES ('f000000030', 'a0000000030', 'Ground Floor');
INSERT INTO `Floors` (`floorId`, `auditId`, `name`) VALUES ('f000000031', 'a0000000031', 'Ground Floor');
INSERT INTO `Floors` (`floorId`, `auditId`, `name`) VALUES ('f000000032', 'a0000000032', 'Ground Floor');
INSERT INTO `Floors` (`floorId`, `auditId`, `name`) VALUES ('f000000033', 'a0000000033', 'Ground Floor');
INSERT INTO `Floors` (`floorId`, `auditId`, `name`) VALUES ('f000000034', 'a0000000034', 'Ground Floor');
INSERT INTO `Floors` (`floorId`, `auditId`, `name`) VALUES ('f000000035', 'a0000000035', 'Ground Floor');
INSERT INTO `Floors` (`floorId`, `auditId`, `name`) VALUES ('f000000036', 'a0000000036', 'Ground Floor');
INSERT INTO `Floors` (`floorId`, `auditId`, `name`) VALUES ('f000000037', 'a0000000037', 'Ground Floor');
INSERT INTO `Floors` (`floorId`, `auditId`, `name`) VALUES ('f000000038', 'a0000000038', 'Ground Floor');
INSERT INTO `Floors` (`floorId`, `auditId`, `name`) VALUES ('f000000039', 'a0000000039', 'Ground Floor');
INSERT INTO `Floors` (`floorId`, `auditId`, `name`) VALUES ('f000000040', 'a0000000040', 'Ground Floor');
INSERT INTO `Floors` (`floorId`, `auditId`, `name`) VALUES ('f000000041', 'a0000000041', 'Ground Floor');
INSERT INTO `Floors` (`floorId`, `auditId`, `name`) VALUES ('f000000042', 'a0000000042', 'Ground Floor');
INSERT INTO `Floors` (`floorId`, `auditId`, `name`) VALUES ('f000000043', 'a0000000043', 'Ground Floor');
INSERT INTO `Floors` (`floorId`, `auditId`, `name`) VALUES ('f000000044', 'a0000000044', 'Ground Floor');
INSERT INTO `Floors` (`floorId`, `auditId`, `name`) VALUES ('f000000045', 'a0000000045', 'Ground Floor');
INSERT INTO `Floors` (`floorId`, `auditId`, `name`) VALUES ('f000000046', 'a0000000046', 'Ground Floor');
INSERT INTO `Floors` (`floorId`, `auditId`, `name`) VALUES ('f000000047', 'a0000000047', 'Ground Floor');
INSERT INTO `Floors` (`floorId`, `auditId`, `name`) VALUES ('f000000048', 'a0000000048', 'Ground Floor');
INSERT INTO `Floors` (`floorId`, `auditId`, `name`) VALUES ('f000000049', 'a0000000049', 'Ground Floor');
INSERT INTO `Floors` (`floorId`, `auditId`, `name`) VALUES ('f000000050', 'a0000000050', 'Ground Floor');
INSERT INTO `Floors` (`floorId`, `auditId`, `name`) VALUES ('f000000051', 'a0000000051', 'Ground Floor');
INSERT INTO `Floors` (`floorId`, `auditId`, `name`) VALUES ('f000000052', 'a0000000052', 'Ground Floor');
INSERT INTO `Floors` (`floorId`, `auditId`, `name`) VALUES ('f000000053', 'a0000000053', 'Ground Floor');
INSERT INTO `Floors` (`floorId`, `auditId`, `name`) VALUES ('f000000054', 'a0000000054', 'Ground Floor');
INSERT INTO `Floors` (`floorId`, `auditId`, `name`) VALUES ('f000000055', 'a0000000055', 'Ground Floor');
INSERT INTO `Floors` (`floorId`, `auditId`, `name`) VALUES ('f000000056', 'a0000000056', 'Ground Floor');
INSERT INTO `Floors` (`floorId`, `auditId`, `name`) VALUES ('f000000057', 'a0000000057', 'Ground Floor');
INSERT INTO `Floors` (`floorId`, `auditId`, `name`) VALUES ('f000000058', 'a0000000058', 'Ground Floor');
INSERT INTO `Floors` (`floorId`, `auditId`, `name`) VALUES ('f000000059', 'a0000000059', 'Ground Floor');
INSERT INTO `Floors` (`floorId`, `auditId`, `name`) VALUES ('f000000060', 'a0000000060', 'Ground Floor');
INSERT INTO `Floors` (`floorId`, `auditId`, `name`) VALUES ('f000000061', 'a0000000061', 'Ground Floor');
INSERT INTO `Floors` (`floorId`, `auditId`, `name`) VALUES ('f000000062', 'a0000000062', 'Ground Floor');
INSERT INTO `Floors` (`floorId`, `auditId`, `name`) VALUES ('f000000063', 'a0000000063', 'Ground Floor');
INSERT INTO `Floors` (`floorId`, `auditId`, `name`) VALUES ('f000000064', 'a0000000064', 'Ground Floor');
INSERT INTO `Floors` (`floorId`, `auditId`, `name`) VALUES ('f000000065', 'a0000000065', 'Ground Floor');
INSERT INTO `Floors` (`floorId`, `auditId`, `name`) VALUES ('f000000066', 'a0000000066', 'Ground Floor');
INSERT INTO `Floors` (`floorId`, `auditId`, `name`) VALUES ('f000000067', 'a0000000067', 'Ground Floor');
INSERT INTO `Floors` (`floorId`, `auditId`, `name`) VALUES ('f000000068', 'a0000000068', 'Ground Floor');
INSERT INTO `Floors` (`floorId`, `auditId`, `name`) VALUES ('f000000069', 'a0000000069', 'Ground Floor');
INSERT INTO `Floors` (`floorId`, `auditId`, `name`) VALUES ('f000000070', 'a0000000070', 'Ground Floor');
INSERT INTO `Floors` (`floorId`, `auditId`, `name`) VALUES ('f000000071', 'a0000000071', 'Ground Floor');
INSERT INTO `Floors` (`floorId`, `auditId`, `name`) VALUES ('f000000072', 'a0000000072', 'Ground Floor');
INSERT INTO `Floors` (`floorId`, `auditId`, `name`) VALUES ('f000000073', 'a0000000073', 'Ground Floor');
INSERT INTO `Floors` (`floorId`, `auditId`, `name`) VALUES ('f000000074', 'a0000000074', 'Ground Floor');
INSERT INTO `Floors` (`floorId`, `auditId`, `name`) VALUES ('f000000075', 'a0000000075', 'Ground Floor');
INSERT INTO `Floors` (`floorId`, `auditId`, `name`) VALUES ('f000000076', 'a0000000076', 'Ground Floor');
INSERT INTO `Floors` (`floorId`, `auditId`, `name`) VALUES ('f000000077', 'a0000000077', 'Ground Floor');
INSERT INTO `Floors` (`floorId`, `auditId`, `name`) VALUES ('f000000078', 'a0000000078', 'Ground Floor');
INSERT INTO `Floors` (`floorId`, `auditId`, `name`) VALUES ('f000000079', 'a0000000079', 'Ground Floor');
INSERT INTO `Floors` (`floorId`, `auditId`, `name`) VALUES ('f000000080', 'a0000000080', 'Ground Floor');
INSERT INTO `Floors` (`floorId`, `auditId`, `name`) VALUES ('f000000081', 'a0000000081', 'Ground Floor');
INSERT INTO `Floors` (`floorId`, `auditId`, `name`) VALUES ('f000000082', 'a0000000082', 'Ground Floor');
INSERT INTO `Floors` (`floorId`, `auditId`, `name`) VALUES ('f000000083', 'a0000000083', 'Ground Floor');
INSERT INTO `Floors` (`floorId`, `auditId`, `name`) VALUES ('f000000084', 'a0000000084', 'Ground Floor');
INSERT INTO `Floors` (`floorId`, `auditId`, `name`) VALUES ('f000000085', 'a0000000085', 'Ground Floor');
INSERT INTO `Floors` (`floorId`, `auditId`, `name`) VALUES ('f000000086', 'a0000000086', 'Ground Floor');
INSERT INTO `Floors` (`floorId`, `auditId`, `name`) VALUES ('f000000087', 'a0000000087', 'Ground Floor');
INSERT INTO `Floors` (`floorId`, `auditId`, `name`) VALUES ('f000000088', 'a0000000088', 'Ground Floor');
INSERT INTO `Floors` (`floorId`, `auditId`, `name`) VALUES ('f000000089', 'a0000000089', 'Ground Floor');
INSERT INTO `Floors` (`floorId`, `auditId`, `name`) VALUES ('f000000090', 'a0000000090', 'Ground Floor');
INSERT INTO `Floors` (`floorId`, `auditId`, `name`) VALUES ('f000000091', 'a0000000091', 'Ground Floor');
INSERT INTO `Floors` (`floorId`, `auditId`, `name`) VALUES ('f000000092', 'a0000000092', 'Ground Floor');
INSERT INTO `Floors` (`floorId`, `auditId`, `name`) VALUES ('f000000093', 'a0000000093', 'Ground Floor');
INSERT INTO `Floors` (`floorId`, `auditId`, `name`) VALUES ('f000000094', 'a0000000094', 'Ground Floor');
INSERT INTO `Floors` (`floorId`, `auditId`, `name`) VALUES ('f000000095', 'a0000000095', 'Ground Floor');
INSERT INTO `Floors` (`floorId`, `auditId`, `name`) VALUES ('f000000096', 'a0000000096', 'Ground Floor');
INSERT INTO `Floors` (`floorId`, `auditId`, `name`) VALUES ('f000000097', 'a0000000097', 'Ground Floor');
INSERT INTO `Floors` (`floorId`, `auditId`, `name`) VALUES ('f000000098', 'a0000000098', 'Ground Floor');
INSERT INTO `Floors` (`floorId`, `auditId`, `name`) VALUES ('f000000099', 'a0000000099', 'Ground Floor');
INSERT INTO `Floors` (`floorId`, `auditId`, `name`) VALUES ('f000000100', 'a0000000001', '1st Floor');
INSERT INTO `Floors` (`floorId`, `auditId`, `name`) VALUES ('f000000101', 'a0000000002', '1st Floor');
INSERT INTO `Floors` (`floorId`, `auditId`, `name`) VALUES ('f000000102', 'a0000000003', '1st Floor');
INSERT INTO `Floors` (`floorId`, `auditId`, `name`) VALUES ('f000000103', 'a0000000004', '1st Floor');
INSERT INTO `Floors` (`floorId`, `auditId`, `name`) VALUES ('f000000104', 'a0000000005', '1st Floor');
INSERT INTO `Floors` (`floorId`, `auditId`, `name`) VALUES ('f000000105', 'a0000000006', '1st Floor');
INSERT INTO `Floors` (`floorId`, `auditId`, `name`) VALUES ('f000000106', 'a0000000007', '1st Floor');
INSERT INTO `Floors` (`floorId`, `auditId`, `name`) VALUES ('f000000107', 'a0000000008', '1st Floor');
INSERT INTO `Floors` (`floorId`, `auditId`, `name`) VALUES ('f000000108', 'a0000000009', '1st Floor');
INSERT INTO `Floors` (`floorId`, `auditId`, `name`) VALUES ('f000000109', 'a0000000010', '1st Floor');
INSERT INTO `Floors` (`floorId`, `auditId`, `name`) VALUES ('f000000110', 'a0000000011', '1st Floor');
INSERT INTO `Floors` (`floorId`, `auditId`, `name`) VALUES ('f000000111', 'a0000000012', '1st Floor');
INSERT INTO `Floors` (`floorId`, `auditId`, `name`) VALUES ('f000000112', 'a0000000013', '1st Floor');
INSERT INTO `Floors` (`floorId`, `auditId`, `name`) VALUES ('f000000113', 'a0000000014', '1st Floor');
INSERT INTO `Floors` (`floorId`, `auditId`, `name`) VALUES ('f000000114', 'a0000000015', '1st Floor');
INSERT INTO `Floors` (`floorId`, `auditId`, `name`) VALUES ('f000000115', 'a0000000016', '1st Floor');
INSERT INTO `Floors` (`floorId`, `auditId`, `name`) VALUES ('f000000116', 'a0000000017', '1st Floor');
INSERT INTO `Floors` (`floorId`, `auditId`, `name`) VALUES ('f000000117', 'a0000000018', '1st Floor');
INSERT INTO `Floors` (`floorId`, `auditId`, `name`) VALUES ('f000000118', 'a0000000019', '1st Floor');
INSERT INTO `Floors` (`floorId`, `auditId`, `name`) VALUES ('f000000119', 'a0000000020', '1st Floor');
INSERT INTO `Floors` (`floorId`, `auditId`, `name`) VALUES ('f000000120', 'a0000000021', '1st Floor');
INSERT INTO `Floors` (`floorId`, `auditId`, `name`) VALUES ('f000000121', 'a0000000022', '1st Floor');
INSERT INTO `Floors` (`floorId`, `auditId`, `name`) VALUES ('f000000122', 'a0000000023', '1st Floor');
INSERT INTO `Floors` (`floorId`, `auditId`, `name`) VALUES ('f000000123', 'a0000000024', '1st Floor');
INSERT INTO `Floors` (`floorId`, `auditId`, `name`) VALUES ('f000000124', 'a0000000025', '1st Floor');
INSERT INTO `Floors` (`floorId`, `auditId`, `name`) VALUES ('f000000125', 'a0000000026', '1st Floor');
INSERT INTO `Floors` (`floorId`, `auditId`, `name`) VALUES ('f000000126', 'a0000000020', '2nd Floor');
INSERT INTO `Floors` (`floorId`, `auditId`, `name`) VALUES ('f000000127', 'a0000000021', '2nd Floor');
INSERT INTO `Floors` (`floorId`, `auditId`, `name`) VALUES ('f000000128', 'a0000000022', '2nd Floor');
INSERT INTO `Floors` (`floorId`, `auditId`, `name`) VALUES ('f000000129', 'a0000000023', '2nd Floor');
INSERT INTO `Floors` (`floorId`, `auditId`, `name`) VALUES ('f000000130', 'a0000000024', '2nd Floor');
INSERT INTO `Floors` (`floorId`, `auditId`, `name`) VALUES ('f000000131', 'a0000000025', '2nd Floor');
INSERT INTO `Floors` (`floorId`, `auditId`, `name`) VALUES ('f000000132', 'a0000000026', '2nd Floor');

CREATE TABLE `Areas` (
  `areaId` varchar(36) NOT NULL,
  `floorId` varchar(36) DEFAULT NULL,
  `name` varchar(200) DEFAULT NULL,
  PRIMARY KEY (`areaId`),
  KEY `fkFloors_idx` (`floorId`),
  CONSTRAINT `fkFloors` FOREIGN KEY (`floorId`) REFERENCES `Floors` (`floorId`)
) ENGINE=InnoDB DEFAULT CHARSET=utf8mb4 COLLATE=utf8mb4_0900_ai_ci;

INSERT INTO `Areas` (`areaId`, `floorId`, `name`) VALUES ('ar00000001', 'f000000001', 'Entrance Lobby');
INSERT INTO `Areas` (`areaId`, `floorId`, `name`) VALUES ('ar00000002', 'f000000002', 'Entrance Lobby');
INSERT INTO `Areas` (`areaId`, `floorId`, `name`) VALUES ('ar00000003', 'f000000003', 'Entrance Lobby');
INSERT INTO `Areas` (`areaId`, `floorId`, `name`) VALUES ('ar00000004', 'f000000004', 'Entrance Lobby');
INSERT INTO `Areas` (`areaId`, `floorId`, `name`) VALUES ('ar00000005', 'f000000005', 'Entrance Lobby');
INSERT INTO `Areas` (`areaId`, `floorId`, `name`) VALUES ('ar00000006', 'f000000006', 'Entrance Lobby');
INSERT INTO `Areas` (`areaId`, `floorId`, `name`) VALUES ('ar00000007', 'f000000007', 'Entrance Lobby');
INSERT INTO `Areas` (`areaId`, `floorId`, `name`) VALUES ('ar00000008', 'f000000008', 'Entrance Lobby');
INSERT INTO `Areas` (`areaId`, `floorId`, `name`) VALUES ('ar00000009', 'f000000009', 'Entrance Lobby');
INSERT INTO `Areas` (`areaId`, `floorId`, `name`) VALUES ('ar00000010', 'f000000010', 'Entrance Lobby');
INSERT INTO `Areas` (`areaId`, `floorId`, `name`) VALUES ('ar00000011', 'f000000011', 'Entrance Lobby');
INSERT INTO `Areas` (`areaId`, `floorId`, `name`) VALUES ('ar00000012', 'f000000012', 'Entrance Lobby');
INSERT INTO `Areas` (`areaId`, `floorId`, `name`) VALUES ('ar00000013', 'f000000013', 'Entrance Lobby');
INSERT INTO `Areas` (`areaId`, `floorId`, `name`) VALUES ('ar00000014', 'f000000014', 'Entrance Lobby');
INSERT INTO `Areas` (`areaId`, `floorId`, `name`) VALUES ('ar00000015', 'f000000015', 'Entrance Lobby');
INSERT INTO `Areas` (`areaId`, `floorId`, `name`) VALUES ('ar00000016', 'f000000016', 'Entrance Lobby');
INSERT INTO `Areas` (`areaId`, `floorId`, `name`) VALUES ('ar00000017', 'f000000017', 'Entrance Lobby');
INSERT INTO `Areas` (`areaId`, `floorId`, `name`) VALUES ('ar00000018', 'f000000018', 'Entrance Lobby');
INSERT INTO `Areas` (`areaId`, `floorId`, `name`) VALUES ('ar00000019', 'f000000019', 'Entrance Lobby');
INSERT INTO `Areas` (`areaId`, `floorId`, `name`) VALUES ('ar00000020', 'f000000020', 'Entrance Lobby');
INSERT INTO `Areas` (`areaId`, `floorId`, `name`) VALUES ('ar00000021', 'f000000021', 'Entrance Lobby');
INSERT INTO `Areas` (`areaId`, `floorId`, `name`) VALUES ('ar00000022', 'f000000022', 'Entrance Lobby');
INSERT INTO `Areas` (`areaId`, `floorId`, `name`) VALUES ('ar00000023', 'f000000023', 'Entrance Lobby');
INSERT INTO `Areas` (`areaId`, `floorId`, `name`) VALUES ('ar00000024', 'f000000024', 'Entrance Lobby');
INSERT INTO `Areas` (`areaId`, `floorId`, `name`) VALUES ('ar00000025', 'f000000025', 'Entrance Lobby');
INSERT INTO `Areas` (`areaId`, `floorId`, `name`) VALUES ('ar00000026', 'f000000026', 'Entrance Lobby');
INSERT INTO `Areas` (`areaId`, `floorId`, `name`) VALUES ('ar00000027', 'f000000027', 'Entrance Lobby');
INSERT INTO `Areas` (`areaId`, `floorId`, `name`) VALUES ('ar00000028', 'f000000028', 'Entrance Lobby');
INSERT INTO `Areas` (`areaId`, `floorId`, `name`) VALUES ('ar00000029', 'f000000029', 'Entrance Lobby');
INSERT INTO `Areas` (`areaId`, `floorId`, `name`) VALUES ('ar00000030', 'f000000030', 'Entrance Lobby');
INSERT INTO `Areas` (`areaId`, `floorId`, `name`) VALUES ('ar00000031', 'f000000031', 'Entrance Lobby');
INSERT INTO `Areas` (`areaId`, `floorId`, `name`) VALUES ('ar00000032', 'f000000032', 'Kitchen');
INSERT INTO `Areas` (`areaId`, `floorId`, `name`) VALUES ('ar00000033', 'f000000033', 'Kitchen');
INSERT INTO `Areas` (`areaId`, `floorId`, `name`) VALUES ('ar00000034', 'f000000034', 'Kitchen');
INSERT INTO `Areas` (`areaId`, `floorId`, `name`) VALUES ('ar00000035', 'f000000035', 'Kitchen');
INSERT INTO `Areas` (`areaId`, `floorId`, `name`) VALUES ('ar00000036', 'f000000036', 'Kitchen');
INSERT INTO `Areas` (`areaId`, `floorId`, `name`) VALUES ('ar00000037', 'f000000037', 'Kitchen');
INSERT INTO `Areas` (`areaId`, `floorId`, `name`) VALUES ('ar00000038', 'f000000038', 'Kitchen');
INSERT INTO `Areas` (`areaId`, `floorId`, `name`) VALUES ('ar00000039', 'f000000039', 'Kitchen');
INSERT INTO `Areas` (`areaId`, `floorId`, `name`) VALUES ('ar00000040', 'f000000040', 'Kitchen');
INSERT INTO `Areas` (`areaId`, `floorId`, `name`) VALUES ('ar00000041', 'f000000041', 'Kitchen');
INSERT INTO `Areas` (`areaId`, `floorId`, `name`) VALUES ('ar00000042', 'f000000042', 'Kitchen');
INSERT INTO `Areas` (`areaId`, `floorId`, `name`) VALUES ('ar00000043', 'f000000043', 'Kitchen');
INSERT INTO `Areas` (`areaId`, `floorId`, `name`) VALUES ('ar00000044', 'f000000044', 'Kitchen');
INSERT INTO `Areas` (`areaId`, `floorId`, `name`) VALUES ('ar00000045', 'f000000045', 'Kitchen');
INSERT INTO `Areas` (`areaId`, `floorId`, `name`) VALUES ('ar00000046', 'f000000046', 'Kitchen');
INSERT INTO `Areas` (`areaId`, `floorId`, `name`) VALUES ('ar00000047', 'f000000047', 'Kitchen');
INSERT INTO `Areas` (`areaId`, `floorId`, `name`) VALUES ('ar00000048', 'f000000048', 'Kitchen');
INSERT INTO `Areas` (`areaId`, `floorId`, `name`) VALUES ('ar00000049', 'f000000049', 'Sales Office');
INSERT INTO `Areas` (`areaId`, `floorId`, `name`) VALUES ('ar00000050', 'f000000050', 'Sales Office');
INSERT INTO `Areas` (`areaId`, `floorId`, `name`) VALUES ('ar00000051', 'f000000051', 'Sales Office');
INSERT INTO `Areas` (`areaId`, `floorId`, `name`) VALUES ('ar00000052', 'f000000052', 'Sales Office');
INSERT INTO `Areas` (`areaId`, `floorId`, `name`) VALUES ('ar00000053', 'f000000053', 'Sales Office');
INSERT INTO `Areas` (`areaId`, `floorId`, `name`) VALUES ('ar00000054', 'f000000054', 'Sales Office');
INSERT INTO `Areas` (`areaId`, `floorId`, `name`) VALUES ('ar00000055', 'f000000055', 'Sales Office');
INSERT INTO `Areas` (`areaId`, `floorId`, `name`) VALUES ('ar00000056', 'f000000056', 'Sales Office');
INSERT INTO `Areas` (`areaId`, `floorId`, `name`) VALUES ('ar00000057', 'f000000057', 'Sales Office');
INSERT INTO `Areas` (`areaId`, `floorId`, `name`) VALUES ('ar00000058', 'f000000058', 'Sales Office');
INSERT INTO `Areas` (`areaId`, `floorId`, `name`) VALUES ('ar00000059', 'f000000059', 'Sales Office');
INSERT INTO `Areas` (`areaId`, `floorId`, `name`) VALUES ('ar00000060', 'f000000060', 'Sales Office');
INSERT INTO `Areas` (`areaId`, `floorId`, `name`) VALUES ('ar00000061', 'f000000061', 'Sales Office');
INSERT INTO `Areas` (`areaId`, `floorId`, `name`) VALUES ('ar00000062', 'f000000062', 'Sales Office');
INSERT INTO `Areas` (`areaId`, `floorId`, `name`) VALUES ('ar00000063', 'f000000063', 'Sales Office');
INSERT INTO `Areas` (`areaId`, `floorId`, `name`) VALUES ('ar00000064', 'f000000064', 'Sales Office');
INSERT INTO `Areas` (`areaId`, `floorId`, `name`) VALUES ('ar00000065', 'f000000065', 'Sales Office');
INSERT INTO `Areas` (`areaId`, `floorId`, `name`) VALUES ('ar00000066', 'f000000066', 'Sales Office');
INSERT INTO `Areas` (`areaId`, `floorId`, `name`) VALUES ('ar00000067', 'f000000067', 'Sales Office');
INSERT INTO `Areas` (`areaId`, `floorId`, `name`) VALUES ('ar00000068', 'f000000068', 'Sales Office');
INSERT INTO `Areas` (`areaId`, `floorId`, `name`) VALUES ('ar00000069', 'f000000069', 'Sales Office');
INSERT INTO `Areas` (`areaId`, `floorId`, `name`) VALUES ('ar00000070', 'f000000070', 'Sales Office');
INSERT INTO `Areas` (`areaId`, `floorId`, `name`) VALUES ('ar00000071', 'f000000071', 'Sales Office');
INSERT INTO `Areas` (`areaId`, `floorId`, `name`) VALUES ('ar00000072', 'f000000072', 'Sales Office');
INSERT INTO `Areas` (`areaId`, `floorId`, `name`) VALUES ('ar00000073', 'f000000073', 'Sales Office');
INSERT INTO `Areas` (`areaId`, `floorId`, `name`) VALUES ('ar00000074', 'f000000074', 'Sales Office');
INSERT INTO `Areas` (`areaId`, `floorId`, `name`) VALUES ('ar00000075', 'f000000075', 'Sales Office');
INSERT INTO `Areas` (`areaId`, `floorId`, `name`) VALUES ('ar00000076', 'f000000076', 'Sales Office');
INSERT INTO `Areas` (`areaId`, `floorId`, `name`) VALUES ('ar00000077', 'f000000077', 'Sales Office');
INSERT INTO `Areas` (`areaId`, `floorId`, `name`) VALUES ('ar00000078', 'f000000078', 'Sales Office');
INSERT INTO `Areas` (`areaId`, `floorId`, `name`) VALUES ('ar00000079', 'f000000079', 'Sales Office');
INSERT INTO `Areas` (`areaId`, `floorId`, `name`) VALUES ('ar00000080', 'f000000080', 'Sales Office');
INSERT INTO `Areas` (`areaId`, `floorId`, `name`) VALUES ('ar00000081', 'f000000081', 'Sales Office');
INSERT INTO `Areas` (`areaId`, `floorId`, `name`) VALUES ('ar00000082', 'f000000082', 'Sales Office');
INSERT INTO `Areas` (`areaId`, `floorId`, `name`) VALUES ('ar00000083', 'f000000083', 'Sales Office');
INSERT INTO `Areas` (`areaId`, `floorId`, `name`) VALUES ('ar00000084', 'f000000084', 'Sales Office');
INSERT INTO `Areas` (`areaId`, `floorId`, `name`) VALUES ('ar00000085', 'f000000085', 'Sales Office');
INSERT INTO `Areas` (`areaId`, `floorId`, `name`) VALUES ('ar00000086', 'f000000086', 'Sales Office');
INSERT INTO `Areas` (`areaId`, `floorId`, `name`) VALUES ('ar00000087', 'f000000087', 'Sales Office');
INSERT INTO `Areas` (`areaId`, `floorId`, `name`) VALUES ('ar00000088', 'f000000088', 'Sales Office');
INSERT INTO `Areas` (`areaId`, `floorId`, `name`) VALUES ('ar00000089', 'f000000089', 'Sales Office');
INSERT INTO `Areas` (`areaId`, `floorId`, `name`) VALUES ('ar00000090', 'f000000090', 'Sales Office');
INSERT INTO `Areas` (`areaId`, `floorId`, `name`) VALUES ('ar00000091', 'f000000091', 'Sales Office');
INSERT INTO `Areas` (`areaId`, `floorId`, `name`) VALUES ('ar00000092', 'f000000092', 'Sales Office');
INSERT INTO `Areas` (`areaId`, `floorId`, `name`) VALUES ('ar00000093', 'f000000093', 'Sales Office');
INSERT INTO `Areas` (`areaId`, `floorId`, `name`) VALUES ('ar00000094', 'f000000094', 'Sales Office');
INSERT INTO `Areas` (`areaId`, `floorId`, `name`) VALUES ('ar00000095', 'f000000095', 'Sales Office');
INSERT INTO `Areas` (`areaId`, `floorId`, `name`) VALUES ('ar00000096', 'f000000096', 'Sales Office');
INSERT INTO `Areas` (`areaId`, `floorId`, `name`) VALUES ('ar00000097', 'f000000097', 'Sales Office');
INSERT INTO `Areas` (`areaId`, `floorId`, `name`) VALUES ('ar00000098', 'f000000098', 'Sales Office');
INSERT INTO `Areas` (`areaId`, `floorId`, `name`) VALUES ('ar00000099', 'f000000099', 'Sales Office');
INSERT INTO `Areas` (`areaId`, `floorId`, `name`) VALUES ('ar00000100', 'f000000100', 'Sales Office');
INSERT INTO `Areas` (`areaId`, `floorId`, `name`) VALUES ('ar00000101', 'f000000101', 'Training Room One');
INSERT INTO `Areas` (`areaId`, `floorId`, `name`) VALUES ('ar00000102', 'f000000102', 'Training Room One');
INSERT INTO `Areas` (`areaId`, `floorId`, `name`) VALUES ('ar00000103', 'f000000103', 'Training Room One');
INSERT INTO `Areas` (`areaId`, `floorId`, `name`) VALUES ('ar00000104', 'f000000104', 'Training Room One');
INSERT INTO `Areas` (`areaId`, `floorId`, `name`) VALUES ('ar00000105', 'f000000105', 'Training Room One');
INSERT INTO `Areas` (`areaId`, `floorId`, `name`) VALUES ('ar00000106', 'f000000106', 'Training Room One');
INSERT INTO `Areas` (`areaId`, `floorId`, `name`) VALUES ('ar00000107', 'f000000107', 'Training Room One');
INSERT INTO `Areas` (`areaId`, `floorId`, `name`) VALUES ('ar00000108', 'f000000108', 'Training Room One');
INSERT INTO `Areas` (`areaId`, `floorId`, `name`) VALUES ('ar00000109', 'f000000109', 'Training Room One');
INSERT INTO `Areas` (`areaId`, `floorId`, `name`) VALUES ('ar00000110', 'f000000110', 'Training Room One');
INSERT INTO `Areas` (`areaId`, `floorId`, `name`) VALUES ('ar00000111', 'f000000111', 'Training Room One');
INSERT INTO `Areas` (`areaId`, `floorId`, `name`) VALUES ('ar00000112', 'f000000112', 'Training Room One');
INSERT INTO `Areas` (`areaId`, `floorId`, `name`) VALUES ('ar00000113', 'f000000113', 'Training Room One');
INSERT INTO `Areas` (`areaId`, `floorId`, `name`) VALUES ('ar00000114', 'f000000114', 'Training Room One');
INSERT INTO `Areas` (`areaId`, `floorId`, `name`) VALUES ('ar00000115', 'f000000115', 'Training Room One');
INSERT INTO `Areas` (`areaId`, `floorId`, `name`) VALUES ('ar00000116', 'f000000116', 'Training Room One');
INSERT INTO `Areas` (`areaId`, `floorId`, `name`) VALUES ('ar00000117', 'f000000117', 'Training Room One');
INSERT INTO `Areas` (`areaId`, `floorId`, `name`) VALUES ('ar00000118', 'f000000118', 'Training Room One');
INSERT INTO `Areas` (`areaId`, `floorId`, `name`) VALUES ('ar00000119', 'f000000119', 'Training Room One');
INSERT INTO `Areas` (`areaId`, `floorId`, `name`) VALUES ('ar00000120', 'f000000120', 'Training Room One');
INSERT INTO `Areas` (`areaId`, `floorId`, `name`) VALUES ('ar00000121', 'f000000121', 'Training Room One');
INSERT INTO `Areas` (`areaId`, `floorId`, `name`) VALUES ('ar00000122', 'f000000122', 'Training Room One');
INSERT INTO `Areas` (`areaId`, `floorId`, `name`) VALUES ('ar00000123', 'f000000123', 'Training Room One');
INSERT INTO `Areas` (`areaId`, `floorId`, `name`) VALUES ('ar00000124', 'f000000124', 'Training Room One');
INSERT INTO `Areas` (`areaId`, `floorId`, `name`) VALUES ('ar00000125', 'f000000125', 'Training Room One');
INSERT INTO `Areas` (`areaId`, `floorId`, `name`) VALUES ('ar00000126', 'f000000126', 'Training Room One');
INSERT INTO `Areas` (`areaId`, `floorId`, `name`) VALUES ('ar00000127', 'f000000127', 'Training Room One');
INSERT INTO `Areas` (`areaId`, `floorId`, `name`) VALUES ('ar00000128', 'f000000128', 'Training Room One');
INSERT INTO `Areas` (`areaId`, `floorId`, `name`) VALUES ('ar00000129', 'f000000129', 'Training Room One');
INSERT INTO `Areas` (`areaId`, `floorId`, `name`) VALUES ('ar00000130', 'f000000130', 'Training Room One');
INSERT INTO `Areas` (`areaId`, `floorId`, `name`) VALUES ('ar00000131', 'f000000131', 'Training Room One');
INSERT INTO `Areas` (`areaId`, `floorId`, `name`) VALUES ('ar00000132', 'f000000132', 'Training Room One');
INSERT INTO `Areas` (`areaId`, `floorId`, `name`) VALUES ('ar00000133', 'f000000001', 'Training Room Two');
INSERT INTO `Areas` (`areaId`, `floorId`, `name`) VALUES ('ar00000134', 'f000000002', 'Training Room Two');
INSERT INTO `Areas` (`areaId`, `floorId`, `name`) VALUES ('ar00000135', 'f000000003', 'Training Room Two');
INSERT INTO `Areas` (`areaId`, `floorId`, `name`) VALUES ('ar00000136', 'f000000004', 'Training Room Two');
INSERT INTO `Areas` (`areaId`, `floorId`, `name`) VALUES ('ar00000137', 'f000000005', 'Training Room Two');
INSERT INTO `Areas` (`areaId`, `floorId`, `name`) VALUES ('ar00000138', 'f000000006', 'Training Room Two');
INSERT INTO `Areas` (`areaId`, `floorId`, `name`) VALUES ('ar00000139', 'f000000007', 'Training Room Two');
INSERT INTO `Areas` (`areaId`, `floorId`, `name`) VALUES ('ar00000140', 'f000000008', 'Training Room Two');
INSERT INTO `Areas` (`areaId`, `floorId`, `name`) VALUES ('ar00000141', 'f000000009', 'Training Room Two');
INSERT INTO `Areas` (`areaId`, `floorId`, `name`) VALUES ('ar00000142', 'f000000010', 'Training Room Two');
INSERT INTO `Areas` (`areaId`, `floorId`, `name`) VALUES ('ar00000143', 'f000000011', 'Training Room Two');
INSERT INTO `Areas` (`areaId`, `floorId`, `name`) VALUES ('ar00000144', 'f000000012', 'Training Room Two');
INSERT INTO `Areas` (`areaId`, `floorId`, `name`) VALUES ('ar00000145', 'f000000013', 'Training Room Two');
INSERT INTO `Areas` (`areaId`, `floorId`, `name`) VALUES ('ar00000146', 'f000000014', 'Training Room Two');
INSERT INTO `Areas` (`areaId`, `floorId`, `name`) VALUES ('ar00000147', 'f000000015', 'Training Room Two');
INSERT INTO `Areas` (`areaId`, `floorId`, `name`) VALUES ('ar00000148', 'f000000016', 'Training Room Two');
INSERT INTO `Areas` (`areaId`, `floorId`, `name`) VALUES ('ar00000149', 'f000000017', 'Training Room Two');
INSERT INTO `Areas` (`areaId`, `floorId`, `name`) VALUES ('ar00000150', 'f000000018', 'Training Room Two');
INSERT INTO `Areas` (`areaId`, `floorId`, `name`) VALUES ('ar00000151', 'f000000019', 'Training Room Two');
INSERT INTO `Areas` (`areaId`, `floorId`, `name`) VALUES ('ar00000152', 'f000000020', 'Training Room Two');
INSERT INTO `Areas` (`areaId`, `floorId`, `name`) VALUES ('ar00000153', 'f000000021', 'Training Room Two');
INSERT INTO `Areas` (`areaId`, `floorId`, `name`) VALUES ('ar00000154', 'f000000022', 'Training Room Two');
INSERT INTO `Areas` (`areaId`, `floorId`, `name`) VALUES ('ar00000155', 'f000000023', 'Training Room Two');
INSERT INTO `Areas` (`areaId`, `floorId`, `name`) VALUES ('ar00000156', 'f000000024', 'Training Room Two');
INSERT INTO `Areas` (`areaId`, `floorId`, `name`) VALUES ('ar00000157', 'f000000025', 'Training Room Two');
INSERT INTO `Areas` (`areaId`, `floorId`, `name`) VALUES ('ar00000158', 'f000000026', 'Training Room Two');
INSERT INTO `Areas` (`areaId`, `floorId`, `name`) VALUES ('ar00000159', 'f000000027', 'Training Room Two');
INSERT INTO `Areas` (`areaId`, `floorId`, `name`) VALUES ('ar00000160', 'f000000028', 'Training Room Two');
INSERT INTO `Areas` (`areaId`, `floorId`, `name`) VALUES ('ar00000161', 'f000000029', 'Training Room Two');
INSERT INTO `Areas` (`areaId`, `floorId`, `name`) VALUES ('ar00000162', 'f000000030', 'Training Room Two');
INSERT INTO `Areas` (`areaId`, `floorId`, `name`) VALUES ('ar00000163', 'f000000031', 'Training Room Two');
INSERT INTO `Areas` (`areaId`, `floorId`, `name`) VALUES ('ar00000164', 'f000000032', 'Staff Room');
INSERT INTO `Areas` (`areaId`, `floorId`, `name`) VALUES ('ar00000165', 'f000000033', 'Staff Room');
INSERT INTO `Areas` (`areaId`, `floorId`, `name`) VALUES ('ar00000166', 'f000000034', 'Staff Room');
INSERT INTO `Areas` (`areaId`, `floorId`, `name`) VALUES ('ar00000167', 'f000000035', 'Staff Room');
INSERT INTO `Areas` (`areaId`, `floorId`, `name`) VALUES ('ar00000168', 'f000000036', 'Staff Room');
INSERT INTO `Areas` (`areaId`, `floorId`, `name`) VALUES ('ar00000169', 'f000000037', 'Staff Room');
INSERT INTO `Areas` (`areaId`, `floorId`, `name`) VALUES ('ar00000170', 'f000000038', 'Staff Room');
INSERT INTO `Areas` (`areaId`, `floorId`, `name`) VALUES ('ar00000171', 'f000000039', 'Staff Room');
INSERT INTO `Areas` (`areaId`, `floorId`, `name`) VALUES ('ar00000172', 'f000000040', 'Staff Room');
INSERT INTO `Areas` (`areaId`, `floorId`, `name`) VALUES ('ar00000173', 'f000000041', 'Staff Room');
INSERT INTO `Areas` (`areaId`, `floorId`, `name`) VALUES ('ar00000174', 'f000000042', 'Staff Room');
INSERT INTO `Areas` (`areaId`, `floorId`, `name`) VALUES ('ar00000175', 'f000000043', 'Staff Room');
INSERT INTO `Areas` (`areaId`, `floorId`, `name`) VALUES ('ar00000176', 'f000000044', 'Staff Room');
INSERT INTO `Areas` (`areaId`, `floorId`, `name`) VALUES ('ar00000177', 'f000000045', 'Staff Room');
INSERT INTO `Areas` (`areaId`, `floorId`, `name`) VALUES ('ar00000178', 'f000000046', 'Staff Room');
INSERT INTO `Areas` (`areaId`, `floorId`, `name`) VALUES ('ar00000179', 'f000000047', 'Staff Room');
INSERT INTO `Areas` (`areaId`, `floorId`, `name`) VALUES ('ar00000180', 'f000000048', 'Staff Room');
INSERT INTO `Areas` (`areaId`, `floorId`, `name`) VALUES ('ar00000181', 'f000000049', 'Meeting Room One');
INSERT INTO `Areas` (`areaId`, `floorId`, `name`) VALUES ('ar00000182', 'f000000050', 'Meeting Room One');
INSERT INTO `Areas` (`areaId`, `floorId`, `name`) VALUES ('ar00000183', 'f000000051', 'Meeting Room One');
INSERT INTO `Areas` (`areaId`, `floorId`, `name`) VALUES ('ar00000184', 'f000000052', 'Meeting Room One');
INSERT INTO `Areas` (`areaId`, `floorId`, `name`) VALUES ('ar00000185', 'f000000053', 'Meeting Room One');
INSERT INTO `Areas` (`areaId`, `floorId`, `name`) VALUES ('ar00000186', 'f000000054', 'Meeting Room One');
INSERT INTO `Areas` (`areaId`, `floorId`, `name`) VALUES ('ar00000187', 'f000000055', 'Meeting Room One');
INSERT INTO `Areas` (`areaId`, `floorId`, `name`) VALUES ('ar00000188', 'f000000056', 'Meeting Room One');
INSERT INTO `Areas` (`areaId`, `floorId`, `name`) VALUES ('ar00000189', 'f000000057', 'Meeting Room One');
INSERT INTO `Areas` (`areaId`, `floorId`, `name`) VALUES ('ar00000190', 'f000000058', 'Meeting Room One');
INSERT INTO `Areas` (`areaId`, `floorId`, `name`) VALUES ('ar00000191', 'f000000059', 'Meeting Room One');
INSERT INTO `Areas` (`areaId`, `floorId`, `name`) VALUES ('ar00000192', 'f000000060', 'Meeting Room One');
INSERT INTO `Areas` (`areaId`, `floorId`, `name`) VALUES ('ar00000193', 'f000000061', 'Meeting Room One');
INSERT INTO `Areas` (`areaId`, `floorId`, `name`) VALUES ('ar00000194', 'f000000062', 'Meeting Room One');
INSERT INTO `Areas` (`areaId`, `floorId`, `name`) VALUES ('ar00000195', 'f000000063', 'Meeting Room One');
INSERT INTO `Areas` (`areaId`, `floorId`, `name`) VALUES ('ar00000196', 'f000000064', 'Meeting Room One');
INSERT INTO `Areas` (`areaId`, `floorId`, `name`) VALUES ('ar00000197', 'f000000065', 'Meeting Room One');
INSERT INTO `Areas` (`areaId`, `floorId`, `name`) VALUES ('ar00000198', 'f000000066', 'Meeting Room One');
INSERT INTO `Areas` (`areaId`, `floorId`, `name`) VALUES ('ar00000199', 'f000000067', 'Meeting Room One');
INSERT INTO `Areas` (`areaId`, `floorId`, `name`) VALUES ('ar00000200', 'f000000068', 'Meeting Room One');
INSERT INTO `Areas` (`areaId`, `floorId`, `name`) VALUES ('ar00000201', 'f000000069', 'Meeting Room One');
INSERT INTO `Areas` (`areaId`, `floorId`, `name`) VALUES ('ar00000202', 'f000000070', 'Meeting Room One');
INSERT INTO `Areas` (`areaId`, `floorId`, `name`) VALUES ('ar00000203', 'f000000071', 'Meeting Room One');
INSERT INTO `Areas` (`areaId`, `floorId`, `name`) VALUES ('ar00000204', 'f000000072', 'Meeting Room One');
INSERT INTO `Areas` (`areaId`, `floorId`, `name`) VALUES ('ar00000205', 'f000000073', 'Meeting Room One');
INSERT INTO `Areas` (`areaId`, `floorId`, `name`) VALUES ('ar00000206', 'f000000074', 'Meeting Room One');
INSERT INTO `Areas` (`areaId`, `floorId`, `name`) VALUES ('ar00000207', 'f000000075', 'Meeting Room One');
INSERT INTO `Areas` (`areaId`, `floorId`, `name`) VALUES ('ar00000208', 'f000000076', 'Meeting Room One');
INSERT INTO `Areas` (`areaId`, `floorId`, `name`) VALUES ('ar00000209', 'f000000077', 'Meeting Room One');
INSERT INTO `Areas` (`areaId`, `floorId`, `name`) VALUES ('ar00000210', 'f000000078', 'Meeting Room One');
INSERT INTO `Areas` (`areaId`, `floorId`, `name`) VALUES ('ar00000211', 'f000000079', 'Meeting Room One');
INSERT INTO `Areas` (`areaId`, `floorId`, `name`) VALUES ('ar00000212', 'f000000080', 'Meeting Room One');
INSERT INTO `Areas` (`areaId`, `floorId`, `name`) VALUES ('ar00000213', 'f000000081', 'Meeting Room One');
INSERT INTO `Areas` (`areaId`, `floorId`, `name`) VALUES ('ar00000214', 'f000000082', 'Meeting Room One');
INSERT INTO `Areas` (`areaId`, `floorId`, `name`) VALUES ('ar00000215', 'f000000083', 'Meeting Room One');
INSERT INTO `Areas` (`areaId`, `floorId`, `name`) VALUES ('ar00000216', 'f000000084', 'Meeting Room One');
INSERT INTO `Areas` (`areaId`, `floorId`, `name`) VALUES ('ar00000217', 'f000000085', 'Meeting Room One');
INSERT INTO `Areas` (`areaId`, `floorId`, `name`) VALUES ('ar00000218', 'f000000086', 'Meeting Room One');
INSERT INTO `Areas` (`areaId`, `floorId`, `name`) VALUES ('ar00000219', 'f000000087', 'Meeting Room One');
INSERT INTO `Areas` (`areaId`, `floorId`, `name`) VALUES ('ar00000220', 'f000000088', 'Meeting Room One');
INSERT INTO `Areas` (`areaId`, `floorId`, `name`) VALUES ('ar00000221', 'f000000089', 'Meeting Room One');
INSERT INTO `Areas` (`areaId`, `floorId`, `name`) VALUES ('ar00000222', 'f000000090', 'Meeting Room One');
INSERT INTO `Areas` (`areaId`, `floorId`, `name`) VALUES ('ar00000223', 'f000000091', 'Meeting Room One');
INSERT INTO `Areas` (`areaId`, `floorId`, `name`) VALUES ('ar00000224', 'f000000092', 'Meeting Room One');
INSERT INTO `Areas` (`areaId`, `floorId`, `name`) VALUES ('ar00000225', 'f000000093', 'Meeting Room One');
INSERT INTO `Areas` (`areaId`, `floorId`, `name`) VALUES ('ar00000226', 'f000000094', 'Meeting Room One');
INSERT INTO `Areas` (`areaId`, `floorId`, `name`) VALUES ('ar00000227', 'f000000095', 'Meeting Room One');
INSERT INTO `Areas` (`areaId`, `floorId`, `name`) VALUES ('ar00000228', 'f000000096', 'Meeting Room One');
INSERT INTO `Areas` (`areaId`, `floorId`, `name`) VALUES ('ar00000229', 'f000000097', 'Meeting Room One');
INSERT INTO `Areas` (`areaId`, `floorId`, `name`) VALUES ('ar00000230', 'f000000098', 'Meeting Room One');
INSERT INTO `Areas` (`areaId`, `floorId`, `name`) VALUES ('ar00000231', 'f000000099', 'Meeting Room One');
INSERT INTO `Areas` (`areaId`, `floorId`, `name`) VALUES ('ar00000232', 'f000000100', 'Meeting Room One');
INSERT INTO `Areas` (`areaId`, `floorId`, `name`) VALUES ('ar00000233', 'f000000101', 'Meeting Room Two');
INSERT INTO `Areas` (`areaId`, `floorId`, `name`) VALUES ('ar00000234', 'f000000102', 'Meeting Room Two');
INSERT INTO `Areas` (`areaId`, `floorId`, `name`) VALUES ('ar00000235', 'f000000103', 'Meeting Room Two');
INSERT INTO `Areas` (`areaId`, `floorId`, `name`) VALUES ('ar00000236', 'f000000104', 'Meeting Room Two');
INSERT INTO `Areas` (`areaId`, `floorId`, `name`) VALUES ('ar00000237', 'f000000105', 'Meeting Room Two');
INSERT INTO `Areas` (`areaId`, `floorId`, `name`) VALUES ('ar00000238', 'f000000106', 'Meeting Room Two');
INSERT INTO `Areas` (`areaId`, `floorId`, `name`) VALUES ('ar00000239', 'f000000107', 'Meeting Room Two');
INSERT INTO `Areas` (`areaId`, `floorId`, `name`) VALUES ('ar00000240', 'f000000108', 'Meeting Room Two');
INSERT INTO `Areas` (`areaId`, `floorId`, `name`) VALUES ('ar00000241', 'f000000109', 'Meeting Room Two');
INSERT INTO `Areas` (`areaId`, `floorId`, `name`) VALUES ('ar00000242', 'f000000110', 'Meeting Room Two');
INSERT INTO `Areas` (`areaId`, `floorId`, `name`) VALUES ('ar00000243', 'f000000111', 'Meeting Room Two');
INSERT INTO `Areas` (`areaId`, `floorId`, `name`) VALUES ('ar00000244', 'f000000112', 'Meeting Room Two');
INSERT INTO `Areas` (`areaId`, `floorId`, `name`) VALUES ('ar00000245', 'f000000113', 'Meeting Room Two');
INSERT INTO `Areas` (`areaId`, `floorId`, `name`) VALUES ('ar00000246', 'f000000114', 'Meeting Room Two');
INSERT INTO `Areas` (`areaId`, `floorId`, `name`) VALUES ('ar00000247', 'f000000115', 'Meeting Room Two');
INSERT INTO `Areas` (`areaId`, `floorId`, `name`) VALUES ('ar00000248', 'f000000116', 'Meeting Room Two');
INSERT INTO `Areas` (`areaId`, `floorId`, `name`) VALUES ('ar00000249', 'f000000117', 'Meeting Room Two');
INSERT INTO `Areas` (`areaId`, `floorId`, `name`) VALUES ('ar00000250', 'f000000118', 'Meeting Room Two');
INSERT INTO `Areas` (`areaId`, `floorId`, `name`) VALUES ('ar00000251', 'f000000119', 'Meeting Room Two');
INSERT INTO `Areas` (`areaId`, `floorId`, `name`) VALUES ('ar00000252', 'f000000120', 'Meeting Room Two');
INSERT INTO `Areas` (`areaId`, `floorId`, `name`) VALUES ('ar00000253', 'f000000121', 'Meeting Room Two');
INSERT INTO `Areas` (`areaId`, `floorId`, `name`) VALUES ('ar00000254', 'f000000122', 'Meeting Room Two');
INSERT INTO `Areas` (`areaId`, `floorId`, `name`) VALUES ('ar00000255', 'f000000123', 'Meeting Room Two');
INSERT INTO `Areas` (`areaId`, `floorId`, `name`) VALUES ('ar00000256', 'f000000124', 'Meeting Room Two');
INSERT INTO `Areas` (`areaId`, `floorId`, `name`) VALUES ('ar00000257', 'f000000125', 'Meeting Room Two');
INSERT INTO `Areas` (`areaId`, `floorId`, `name`) VALUES ('ar00000258', 'f000000126', 'Meeting Room Two');
INSERT INTO `Areas` (`areaId`, `floorId`, `name`) VALUES ('ar00000259', 'f000000127', 'Meeting Room Two');
INSERT INTO `Areas` (`areaId`, `floorId`, `name`) VALUES ('ar00000260', 'f000000128', 'Meeting Room Two');
INSERT INTO `Areas` (`areaId`, `floorId`, `name`) VALUES ('ar00000261', 'f000000129', 'Meeting Room Two');
INSERT INTO `Areas` (`areaId`, `floorId`, `name`) VALUES ('ar00000262', 'f000000130', 'Meeting Room Two');
INSERT INTO `Areas` (`areaId`, `floorId`, `name`) VALUES ('ar00000263', 'f000000131', 'Meeting Room Two');
INSERT INTO `Areas` (`areaId`, `floorId`, `name`) VALUES ('ar00000264', 'f000000132', 'Meeting Room Two');

CREATE TABLE `FireDoors` (
  `firedoorId` varchar(36) NOT NULL,
  `areaId` varchar(36) DEFAULT NULL,
  `barcode` varchar(45) DEFAULT NULL,
  `doorMaterial` varchar(45) DEFAULT NULL,
  `frameMaterial` varchar(45) DEFAULT NULL,
  `result` varchar(45) DEFAULT NULL,
  PRIMARY KEY (`firedoorId`),
  KEY `fkAreas_idx` (`areaId`),
  CONSTRAINT `fkAreas` FOREIGN KEY (`areaId`) REFERENCES `Areas` (`areaId`)
) ENGINE=InnoDB DEFAULT CHARSET=utf8mb4 COLLATE=utf8mb4_0900_ai_ci;

INSERT INTO `FireDoors` (`firedoorId`, `areaId`, `barcode`, `doorMaterial`, `frameMaterial`, `result`) VALUES ('d00000001', 'ar00000001', 'BAR-00001', 'Wood', 'Wood', 'Compliant');
INSERT INTO `FireDoors` (`firedoorId`, `areaId`, `barcode`, `doorMaterial`, `frameMaterial`, `result`) VALUES ('d00000002', 'ar00000002', 'BAR-00002', 'Wood', 'Wood', 'Non-Compliant');
INSERT INTO `FireDoors` (`firedoorId`, `areaId`, `barcode`, `doorMaterial`, `frameMaterial`, `result`) VALUES ('d00000003', 'ar00000003', 'BAR-00003', 'Wood', 'Wood', 'Non-Compliant');
INSERT INTO `FireDoors` (`firedoorId`, `areaId`, `barcode`, `doorMaterial`, `frameMaterial`, `result`) VALUES ('d00000004', 'ar00000004', 'BAR-00004', 'Wood', 'Wood', 'Non-Compliant');
INSERT INTO `FireDoors` (`firedoorId`, `areaId`, `barcode`, `doorMaterial`, `frameMaterial`, `result`) VALUES ('d00000005', 'ar00000005', 'BAR-00005', 'Wood', 'Wood', 'Non-Compliant');
INSERT INTO `FireDoors` (`firedoorId`, `areaId`, `barcode`, `doorMaterial`, `frameMaterial`, `result`) VALUES ('d00000006', 'ar00000006', 'BAR-00006', 'Wood', 'Wood', 'Non-Compliant');
INSERT INTO `FireDoors` (`firedoorId`, `areaId`, `barcode`, `doorMaterial`, `frameMaterial`, `result`) VALUES ('d00000007', 'ar00000007', 'BAR-00007', 'Wood', 'Wood', 'Non-Compliant');
INSERT INTO `FireDoors` (`firedoorId`, `areaId`, `barcode`, `doorMaterial`, `frameMaterial`, `result`) VALUES ('d00000008', 'ar00000008', 'BAR-00008', 'Wood', 'Wood', 'Non-Compliant');
INSERT INTO `FireDoors` (`firedoorId`, `areaId`, `barcode`, `doorMaterial`, `frameMaterial`, `result`) VALUES ('d00000009', 'ar00000009', 'BAR-00009', 'Wood', 'Wood', 'Non-Compliant');
INSERT INTO `FireDoors` (`firedoorId`, `areaId`, `barcode`, `doorMaterial`, `frameMaterial`, `result`) VALUES ('d00000010', 'ar00000010', 'BAR-00010', 'Wood', 'Wood', 'Non-Compliant');
INSERT INTO `FireDoors` (`firedoorId`, `areaId`, `barcode`, `doorMaterial`, `frameMaterial`, `result`) VALUES ('d00000011', 'ar00000011', 'BAR-00011', 'Wood', 'Wood', 'Non-Compliant');
INSERT INTO `FireDoors` (`firedoorId`, `areaId`, `barcode`, `doorMaterial`, `frameMaterial`, `result`) VALUES ('d00000012', 'ar00000012', 'BAR-00012', 'Wood', 'Wood', 'Compliant');
INSERT INTO `FireDoors` (`firedoorId`, `areaId`, `barcode`, `doorMaterial`, `frameMaterial`, `result`) VALUES ('d00000013', 'ar00000013', 'BAR-00013', 'Wood', 'Wood', 'Compliant');
INSERT INTO `FireDoors` (`firedoorId`, `areaId`, `barcode`, `doorMaterial`, `frameMaterial`, `result`) VALUES ('d00000014', 'ar00000014', 'BAR-00014', 'Wood', 'Wood', 'Compliant');
INSERT INTO `FireDoors` (`firedoorId`, `areaId`, `barcode`, `doorMaterial`, `frameMaterial`, `result`) VALUES ('d00000015', 'ar00000015', 'BAR-00015', 'Wood', 'Wood', 'Compliant');
INSERT INTO `FireDoors` (`firedoorId`, `areaId`, `barcode`, `doorMaterial`, `frameMaterial`, `result`) VALUES ('d00000016', 'ar00000016', 'BAR-00016', 'Wood', 'Wood', 'Compliant');
INSERT INTO `FireDoors` (`firedoorId`, `areaId`, `barcode`, `doorMaterial`, `frameMaterial`, `result`) VALUES ('d00000017', 'ar00000017', 'BAR-00017', 'Wood', 'Wood', 'Compliant');
INSERT INTO `FireDoors` (`firedoorId`, `areaId`, `barcode`, `doorMaterial`, `frameMaterial`, `result`) VALUES ('d00000018', 'ar00000018', 'BAR-00018', 'Wood', 'Wood', 'Compliant');
INSERT INTO `FireDoors` (`firedoorId`, `areaId`, `barcode`, `doorMaterial`, `frameMaterial`, `result`) VALUES ('d00000019', 'ar00000019', 'BAR-00019', 'Wood', 'Wood', 'Compliant');
INSERT INTO `FireDoors` (`firedoorId`, `areaId`, `barcode`, `doorMaterial`, `frameMaterial`, `result`) VALUES ('d00000020', 'ar00000020', 'BAR-00020', 'Wood', 'Wood', 'Compliant');
INSERT INTO `FireDoors` (`firedoorId`, `areaId`, `barcode`, `doorMaterial`, `frameMaterial`, `result`) VALUES ('d00000021', 'ar00000021', 'BAR-00021', 'Wood', 'Wood', 'Compliant');
INSERT INTO `FireDoors` (`firedoorId`, `areaId`, `barcode`, `doorMaterial`, `frameMaterial`, `result`) VALUES ('d00000022', 'ar00000022', 'BAR-00022', 'Wood', 'Wood', 'Compliant');
INSERT INTO `FireDoors` (`firedoorId`, `areaId`, `barcode`, `doorMaterial`, `frameMaterial`, `result`) VALUES ('d00000023', 'ar00000023', 'BAR-00023', 'Wood', 'Wood', 'Compliant');
INSERT INTO `FireDoors` (`firedoorId`, `areaId`, `barcode`, `doorMaterial`, `frameMaterial`, `result`) VALUES ('d00000024', 'ar00000024', 'BAR-00024', 'Wood', 'Wood', 'Compliant');
INSERT INTO `FireDoors` (`firedoorId`, `areaId`, `barcode`, `doorMaterial`, `frameMaterial`, `result`) VALUES ('d00000025', 'ar00000025', 'BAR-00025', 'Wood', 'Wood', 'Compliant');
INSERT INTO `FireDoors` (`firedoorId`, `areaId`, `barcode`, `doorMaterial`, `frameMaterial`, `result`) VALUES ('d00000026', 'ar00000026', 'BAR-00026', 'Plastic', 'Plastic', 'Compliant');
INSERT INTO `FireDoors` (`firedoorId`, `areaId`, `barcode`, `doorMaterial`, `frameMaterial`, `result`) VALUES ('d00000027', 'ar00000027', 'BAR-00027', 'Plastic', 'Plastic', 'Compliant');
INSERT INTO `FireDoors` (`firedoorId`, `areaId`, `barcode`, `doorMaterial`, `frameMaterial`, `result`) VALUES ('d00000028', 'ar00000028', 'BAR-00028', 'Wood', 'Wood', 'Compliant');
INSERT INTO `FireDoors` (`firedoorId`, `areaId`, `barcode`, `doorMaterial`, `frameMaterial`, `result`) VALUES ('d00000029', 'ar00000029', 'BAR-00029', 'Wood', 'Wood', 'Compliant');
INSERT INTO `FireDoors` (`firedoorId`, `areaId`, `barcode`, `doorMaterial`, `frameMaterial`, `result`) VALUES ('d00000030', 'ar00000030', 'BAR-00030', 'Wood', 'Wood', 'Compliant');
INSERT INTO `FireDoors` (`firedoorId`, `areaId`, `barcode`, `doorMaterial`, `frameMaterial`, `result`) VALUES ('d00000031', 'ar00000031', 'BAR-00031', 'Wood', 'Wood', 'Compliant');
INSERT INTO `FireDoors` (`firedoorId`, `areaId`, `barcode`, `doorMaterial`, `frameMaterial`, `result`) VALUES ('d00000032', 'ar00000032', 'BAR-00032', 'Wood', 'Wood', 'Compliant');
INSERT INTO `FireDoors` (`firedoorId`, `areaId`, `barcode`, `doorMaterial`, `frameMaterial`, `result`) VALUES ('d00000033', 'ar00000033', 'BAR-00033', 'Wood', 'Wood', 'Compliant');
INSERT INTO `FireDoors` (`firedoorId`, `areaId`, `barcode`, `doorMaterial`, `frameMaterial`, `result`) VALUES ('d00000034', 'ar00000034', 'BAR-00034', 'Metal', 'Metal', 'Compliant');
INSERT INTO `FireDoors` (`firedoorId`, `areaId`, `barcode`, `doorMaterial`, `frameMaterial`, `result`) VALUES ('d00000035', 'ar00000035', 'BAR-00035', 'Metal', 'Metal', 'Compliant');
INSERT INTO `FireDoors` (`firedoorId`, `areaId`, `barcode`, `doorMaterial`, `frameMaterial`, `result`) VALUES ('d00000036', 'ar00000036', 'BAR-00036', 'Metal', 'Metal', 'Compliant');
INSERT INTO `FireDoors` (`firedoorId`, `areaId`, `barcode`, `doorMaterial`, `frameMaterial`, `result`) VALUES ('d00000037', 'ar00000037', 'BAR-00037', 'Metal', 'Wood', 'Compliant');
INSERT INTO `FireDoors` (`firedoorId`, `areaId`, `barcode`, `doorMaterial`, `frameMaterial`, `result`) VALUES ('d00000038', 'ar00000038', 'BAR-00038', 'Metal', 'Metal', 'Compliant');
INSERT INTO `FireDoors` (`firedoorId`, `areaId`, `barcode`, `doorMaterial`, `frameMaterial`, `result`) VALUES ('d00000039', 'ar00000039', 'BAR-00039', 'Metal', 'Metal', 'Compliant');
INSERT INTO `FireDoors` (`firedoorId`, `areaId`, `barcode`, `doorMaterial`, `frameMaterial`, `result`) VALUES ('d00000040', 'ar00000040', 'BAR-00040', 'Metal', 'Metal', 'Compliant');
INSERT INTO `FireDoors` (`firedoorId`, `areaId`, `barcode`, `doorMaterial`, `frameMaterial`, `result`) VALUES ('d00000041', 'ar00000041', 'BAR-00041', 'Metal', 'Metal', 'Compliant');
INSERT INTO `FireDoors` (`firedoorId`, `areaId`, `barcode`, `doorMaterial`, `frameMaterial`, `result`) VALUES ('d00000042', 'ar00000042', 'BAR-00042', 'Metal', 'Metal', 'Compliant');
INSERT INTO `FireDoors` (`firedoorId`, `areaId`, `barcode`, `doorMaterial`, `frameMaterial`, `result`) VALUES ('d00000043', 'ar00000043', 'BAR-00043', 'Metal', 'Metal', 'Compliant');
INSERT INTO `FireDoors` (`firedoorId`, `areaId`, `barcode`, `doorMaterial`, `frameMaterial`, `result`) VALUES ('d00000044', 'ar00000044', 'BAR-00044', 'Metal', 'Metal', 'Compliant');
INSERT INTO `FireDoors` (`firedoorId`, `areaId`, `barcode`, `doorMaterial`, `frameMaterial`, `result`) VALUES ('d00000045', 'ar00000045', 'BAR-00045', 'Metal', 'Metal', 'Compliant');
INSERT INTO `FireDoors` (`firedoorId`, `areaId`, `barcode`, `doorMaterial`, `frameMaterial`, `result`) VALUES ('d00000046', 'ar00000046', 'BAR-00046', 'Metal', 'Metal', 'Compliant');
INSERT INTO `FireDoors` (`firedoorId`, `areaId`, `barcode`, `doorMaterial`, `frameMaterial`, `result`) VALUES ('d00000047', 'ar00000047', 'BAR-00047', 'Wood', 'Wood', 'Compliant');
INSERT INTO `FireDoors` (`firedoorId`, `areaId`, `barcode`, `doorMaterial`, `frameMaterial`, `result`) VALUES ('d00000048', 'ar00000048', 'BAR-00048', 'Wood', 'Wood', 'Compliant');
INSERT INTO `FireDoors` (`firedoorId`, `areaId`, `barcode`, `doorMaterial`, `frameMaterial`, `result`) VALUES ('d00000049', 'ar00000049', 'BAR-00049', 'Wood', 'Wood', 'Non-Compliant');
INSERT INTO `FireDoors` (`firedoorId`, `areaId`, `barcode`, `doorMaterial`, `frameMaterial`, `result`) VALUES ('d00000050', 'ar00000050', 'BAR-00050', 'Wood', 'Wood', 'Non-Compliant');
INSERT INTO `FireDoors` (`firedoorId`, `areaId`, `barcode`, `doorMaterial`, `frameMaterial`, `result`) VALUES ('d00000051', 'ar00000051', 'BAR-00051', 'Wood', 'Wood', 'Non-Compliant');
INSERT INTO `FireDoors` (`firedoorId`, `areaId`, `barcode`, `doorMaterial`, `frameMaterial`, `result`) VALUES ('d00000052', 'ar00000052', 'BAR-00052', 'Wood', 'Wood', 'Non-Compliant');
INSERT INTO `FireDoors` (`firedoorId`, `areaId`, `barcode`, `doorMaterial`, `frameMaterial`, `result`) VALUES ('d00000053', 'ar00000053', 'BAR-00053', 'Wood', 'Wood', 'Compliant');
INSERT INTO `FireDoors` (`firedoorId`, `areaId`, `barcode`, `doorMaterial`, `frameMaterial`, `result`) VALUES ('d00000054', 'ar00000054', 'BAR-00054', 'Wood', 'Wood', 'Compliant');
INSERT INTO `FireDoors` (`firedoorId`, `areaId`, `barcode`, `doorMaterial`, `frameMaterial`, `result`) VALUES ('d00000055', 'ar00000055', 'BAR-00055', 'Wood', 'Wood', 'Compliant');
INSERT INTO `FireDoors` (`firedoorId`, `areaId`, `barcode`, `doorMaterial`, `frameMaterial`, `result`) VALUES ('d00000056', 'ar00000056', 'BAR-00056', 'Wood', 'Wood', 'Compliant');
INSERT INTO `FireDoors` (`firedoorId`, `areaId`, `barcode`, `doorMaterial`, `frameMaterial`, `result`) VALUES ('d00000057', 'ar00000057', 'BAR-00057', 'Wood', 'Wood', 'Compliant');
INSERT INTO `FireDoors` (`firedoorId`, `areaId`, `barcode`, `doorMaterial`, `frameMaterial`, `result`) VALUES ('d00000058', 'ar00000058', 'BAR-00058', 'Wood', 'Wood', 'Compliant');
INSERT INTO `FireDoors` (`firedoorId`, `areaId`, `barcode`, `doorMaterial`, `frameMaterial`, `result`) VALUES ('d00000059', 'ar00000059', 'BAR-00059', 'Wood', 'Wood', 'Compliant');
INSERT INTO `FireDoors` (`firedoorId`, `areaId`, `barcode`, `doorMaterial`, `frameMaterial`, `result`) VALUES ('d00000060', 'ar00000060', 'BAR-00060', 'Wood', 'Wood', 'Compliant');
INSERT INTO `FireDoors` (`firedoorId`, `areaId`, `barcode`, `doorMaterial`, `frameMaterial`, `result`) VALUES ('d00000061', 'ar00000061', 'BAR-00061', 'Wood', 'Wood', 'Compliant');
INSERT INTO `FireDoors` (`firedoorId`, `areaId`, `barcode`, `doorMaterial`, `frameMaterial`, `result`) VALUES ('d00000062', 'ar00000062', 'BAR-00062', 'Wood', 'Wood', 'Compliant');
INSERT INTO `FireDoors` (`firedoorId`, `areaId`, `barcode`, `doorMaterial`, `frameMaterial`, `result`) VALUES ('d00000063', 'ar00000063', 'BAR-00063', 'Wood', 'Wood', 'Compliant');
INSERT INTO `FireDoors` (`firedoorId`, `areaId`, `barcode`, `doorMaterial`, `frameMaterial`, `result`) VALUES ('d00000064', 'ar00000064', 'BAR-00064', 'Wood', 'Wood', 'Compliant');
INSERT INTO `FireDoors` (`firedoorId`, `areaId`, `barcode`, `doorMaterial`, `frameMaterial`, `result`) VALUES ('d00000065', 'ar00000065', 'BAR-00065', 'Wood', 'Wood', 'Compliant');
INSERT INTO `FireDoors` (`firedoorId`, `areaId`, `barcode`, `doorMaterial`, `frameMaterial`, `result`) VALUES ('d00000066', 'ar00000066', 'BAR-00066', 'Wood', 'Wood', 'Compliant');
INSERT INTO `FireDoors` (`firedoorId`, `areaId`, `barcode`, `doorMaterial`, `frameMaterial`, `result`) VALUES ('d00000067', 'ar00000067', 'BAR-00067', 'Wood', 'Wood', 'Compliant');
INSERT INTO `FireDoors` (`firedoorId`, `areaId`, `barcode`, `doorMaterial`, `frameMaterial`, `result`) VALUES ('d00000068', 'ar00000068', 'BAR-00068', 'Wood', 'Wood', 'Compliant');
INSERT INTO `FireDoors` (`firedoorId`, `areaId`, `barcode`, `doorMaterial`, `frameMaterial`, `result`) VALUES ('d00000069', 'ar00000069', 'BAR-00069', 'Wood', 'Wood', 'Compliant');
INSERT INTO `FireDoors` (`firedoorId`, `areaId`, `barcode`, `doorMaterial`, `frameMaterial`, `result`) VALUES ('d00000070', 'ar00000070', 'BAR-00070', 'Wood', 'Wood', 'Compliant');
INSERT INTO `FireDoors` (`firedoorId`, `areaId`, `barcode`, `doorMaterial`, `frameMaterial`, `result`) VALUES ('d00000071', 'ar00000071', 'BAR-00071', 'Wood', 'Wood', 'Compliant');
INSERT INTO `FireDoors` (`firedoorId`, `areaId`, `barcode`, `doorMaterial`, `frameMaterial`, `result`) VALUES ('d00000072', 'ar00000072', 'BAR-00072', 'Wood', 'Plastic', 'Compliant');
INSERT INTO `FireDoors` (`firedoorId`, `areaId`, `barcode`, `doorMaterial`, `frameMaterial`, `result`) VALUES ('d00000073', 'ar00000073', 'BAR-00073', 'Wood', 'Plastic', 'Compliant');
INSERT INTO `FireDoors` (`firedoorId`, `areaId`, `barcode`, `doorMaterial`, `frameMaterial`, `result`) VALUES ('d00000074', 'ar00000074', 'BAR-00074', 'Wood', 'Wood', 'Compliant');
INSERT INTO `FireDoors` (`firedoorId`, `areaId`, `barcode`, `doorMaterial`, `frameMaterial`, `result`) VALUES ('d00000075', 'ar00000075', 'BAR-00075', 'Wood', 'Wood', 'Compliant');
INSERT INTO `FireDoors` (`firedoorId`, `areaId`, `barcode`, `doorMaterial`, `frameMaterial`, `result`) VALUES ('d00000076', 'ar00000076', 'BAR-00076', 'Wood', 'Wood', 'Compliant');
INSERT INTO `FireDoors` (`firedoorId`, `areaId`, `barcode`, `doorMaterial`, `frameMaterial`, `result`) VALUES ('d00000077', 'ar00000077', 'BAR-00077', 'Wood', 'Wood', 'Compliant');
INSERT INTO `FireDoors` (`firedoorId`, `areaId`, `barcode`, `doorMaterial`, `frameMaterial`, `result`) VALUES ('d00000078', 'ar00000078', 'BAR-00078', 'Wood', 'Wood', 'Compliant');
INSERT INTO `FireDoors` (`firedoorId`, `areaId`, `barcode`, `doorMaterial`, `frameMaterial`, `result`) VALUES ('d00000079', 'ar00000079', 'BAR-00079', 'Wood', 'Wood', 'Compliant');
INSERT INTO `FireDoors` (`firedoorId`, `areaId`, `barcode`, `doorMaterial`, `frameMaterial`, `result`) VALUES ('d00000080', 'ar00000080', 'BAR-00080', 'Wood', 'Metal', 'Compliant');
INSERT INTO `FireDoors` (`firedoorId`, `areaId`, `barcode`, `doorMaterial`, `frameMaterial`, `result`) VALUES ('d00000081', 'ar00000081', 'BAR-00081', 'Wood', 'Metal', 'Compliant');
INSERT INTO `FireDoors` (`firedoorId`, `areaId`, `barcode`, `doorMaterial`, `frameMaterial`, `result`) VALUES ('d00000082', 'ar00000082', 'BAR-00082', 'Wood', 'Metal', 'Compliant');
INSERT INTO `FireDoors` (`firedoorId`, `areaId`, `barcode`, `doorMaterial`, `frameMaterial`, `result`) VALUES ('d00000083', 'ar00000083', 'BAR-00083', 'Wood', 'Wood', 'Compliant');
INSERT INTO `FireDoors` (`firedoorId`, `areaId`, `barcode`, `doorMaterial`, `frameMaterial`, `result`) VALUES ('d00000084', 'ar00000084', 'BAR-00084', 'Wood', 'Metal', 'Compliant');
INSERT INTO `FireDoors` (`firedoorId`, `areaId`, `barcode`, `doorMaterial`, `frameMaterial`, `result`) VALUES ('d00000085', 'ar00000085', 'BAR-00085', 'Wood', 'Metal', 'Compliant');
INSERT INTO `FireDoors` (`firedoorId`, `areaId`, `barcode`, `doorMaterial`, `frameMaterial`, `result`) VALUES ('d00000086', 'ar00000086', 'BAR-00086', 'Wood', 'Metal', 'Compliant');
INSERT INTO `FireDoors` (`firedoorId`, `areaId`, `barcode`, `doorMaterial`, `frameMaterial`, `result`) VALUES ('d00000087', 'ar00000087', 'BAR-00087', 'Wood', 'Metal', 'Compliant');
INSERT INTO `FireDoors` (`firedoorId`, `areaId`, `barcode`, `doorMaterial`, `frameMaterial`, `result`) VALUES ('d00000088', 'ar00000088', 'BAR-00088', 'Wood', 'Metal', 'Compliant');
INSERT INTO `FireDoors` (`firedoorId`, `areaId`, `barcode`, `doorMaterial`, `frameMaterial`, `result`) VALUES ('d00000089', 'ar00000089', 'BAR-00089', 'Wood', 'Metal', 'Compliant');
INSERT INTO `FireDoors` (`firedoorId`, `areaId`, `barcode`, `doorMaterial`, `frameMaterial`, `result`) VALUES ('d00000090', 'ar00000090', 'BAR-00090', 'Wood', 'Metal', 'Compliant');
INSERT INTO `FireDoors` (`firedoorId`, `areaId`, `barcode`, `doorMaterial`, `frameMaterial`, `result`) VALUES ('d00000091', 'ar00000091', 'BAR-00091', 'Wood', 'Metal', 'Compliant');
INSERT INTO `FireDoors` (`firedoorId`, `areaId`, `barcode`, `doorMaterial`, `frameMaterial`, `result`) VALUES ('d00000092', 'ar00000092', 'BAR-00092', 'Wood', 'Metal', 'Compliant');
INSERT INTO `FireDoors` (`firedoorId`, `areaId`, `barcode`, `doorMaterial`, `frameMaterial`, `result`) VALUES ('d00000093', 'ar00000093', 'BAR-00093', 'Wood', 'Wood', 'Compliant');
INSERT INTO `FireDoors` (`firedoorId`, `areaId`, `barcode`, `doorMaterial`, `frameMaterial`, `result`) VALUES ('d00000094', 'ar00000094', 'BAR-00094', 'Wood', 'Wood', 'Compliant');
INSERT INTO `FireDoors` (`firedoorId`, `areaId`, `barcode`, `doorMaterial`, `frameMaterial`, `result`) VALUES ('d00000095', 'ar00000095', 'BAR-00095', 'Wood', 'Wood', 'Compliant');
INSERT INTO `FireDoors` (`firedoorId`, `areaId`, `barcode`, `doorMaterial`, `frameMaterial`, `result`) VALUES ('d00000096', 'ar00000096', 'BAR-00096', 'Wood', 'Wood', 'Compliant');
INSERT INTO `FireDoors` (`firedoorId`, `areaId`, `barcode`, `doorMaterial`, `frameMaterial`, `result`) VALUES ('d00000097', 'ar00000097', 'BAR-00097', 'Wood', 'Wood', 'Compliant');
INSERT INTO `FireDoors` (`firedoorId`, `areaId`, `barcode`, `doorMaterial`, `frameMaterial`, `result`) VALUES ('d00000098', 'ar00000098', 'BAR-00098', 'Wood', 'Wood', 'Compliant');
INSERT INTO `FireDoors` (`firedoorId`, `areaId`, `barcode`, `doorMaterial`, `frameMaterial`, `result`) VALUES ('d00000099', 'ar00000099', 'BAR-00099', 'Wood', 'Wood', 'Compliant');
INSERT INTO `FireDoors` (`firedoorId`, `areaId`, `barcode`, `doorMaterial`, `frameMaterial`, `result`) VALUES ('d00000100', 'ar00000100', 'BAR-00100', 'Wood', 'Wood', 'Compliant');
INSERT INTO `FireDoors` (`firedoorId`, `areaId`, `barcode`, `doorMaterial`, `frameMaterial`, `result`) VALUES ('d00000101', 'ar00000101', 'BAR-00101', 'Wood', 'Wood', 'Compliant');
INSERT INTO `FireDoors` (`firedoorId`, `areaId`, `barcode`, `doorMaterial`, `frameMaterial`, `result`) VALUES ('d00000102', 'ar00000102', 'BAR-00102', 'Wood', 'Wood', 'Compliant');
INSERT INTO `FireDoors` (`firedoorId`, `areaId`, `barcode`, `doorMaterial`, `frameMaterial`, `result`) VALUES ('d00000103', 'ar00000103', 'BAR-00103', 'Wood', 'Wood', 'Compliant');
INSERT INTO `FireDoors` (`firedoorId`, `areaId`, `barcode`, `doorMaterial`, `frameMaterial`, `result`) VALUES ('d00000104', 'ar00000104', 'BAR-00104', 'Wood', 'Wood', 'Compliant');
INSERT INTO `FireDoors` (`firedoorId`, `areaId`, `barcode`, `doorMaterial`, `frameMaterial`, `result`) VALUES ('d00000105', 'ar00000105', 'BAR-00105', 'Wood', 'Wood', 'Compliant');
INSERT INTO `FireDoors` (`firedoorId`, `areaId`, `barcode`, `doorMaterial`, `frameMaterial`, `result`) VALUES ('d00000106', 'ar00000106', 'BAR-00106', 'Wood', 'Wood', 'Compliant');
INSERT INTO `FireDoors` (`firedoorId`, `areaId`, `barcode`, `doorMaterial`, `frameMaterial`, `result`) VALUES ('d00000107', 'ar00000107', 'BAR-00107', 'Wood', 'Wood', 'Compliant');
INSERT INTO `FireDoors` (`firedoorId`, `areaId`, `barcode`, `doorMaterial`, `frameMaterial`, `result`) VALUES ('d00000108', 'ar00000108', 'BAR-00108', 'Wood', 'Wood', 'Compliant');
INSERT INTO `FireDoors` (`firedoorId`, `areaId`, `barcode`, `doorMaterial`, `frameMaterial`, `result`) VALUES ('d00000109', 'ar00000109', 'BAR-00109', 'Wood', 'Wood', 'Compliant');
INSERT INTO `FireDoors` (`firedoorId`, `areaId`, `barcode`, `doorMaterial`, `frameMaterial`, `result`) VALUES ('d00000110', 'ar00000110', 'BAR-00110', 'Wood', 'Wood', 'Compliant');
INSERT INTO `FireDoors` (`firedoorId`, `areaId`, `barcode`, `doorMaterial`, `frameMaterial`, `result`) VALUES ('d00000111', 'ar00000111', 'BAR-00111', 'Wood', 'Wood', 'Compliant');
INSERT INTO `FireDoors` (`firedoorId`, `areaId`, `barcode`, `doorMaterial`, `frameMaterial`, `result`) VALUES ('d00000112', 'ar00000112', 'BAR-00112', 'Wood', 'Wood', 'Compliant');
INSERT INTO `FireDoors` (`firedoorId`, `areaId`, `barcode`, `doorMaterial`, `frameMaterial`, `result`) VALUES ('d00000113', 'ar00000113', 'BAR-00113', 'Wood', 'Wood', 'Compliant');
INSERT INTO `FireDoors` (`firedoorId`, `areaId`, `barcode`, `doorMaterial`, `frameMaterial`, `result`) VALUES ('d00000114', 'ar00000114', 'BAR-00114', 'Wood', 'Wood', 'Compliant');
INSERT INTO `FireDoors` (`firedoorId`, `areaId`, `barcode`, `doorMaterial`, `frameMaterial`, `result`) VALUES ('d00000115', 'ar00000115', 'BAR-00115', 'Wood', 'Wood', 'Compliant');
INSERT INTO `FireDoors` (`firedoorId`, `areaId`, `barcode`, `doorMaterial`, `frameMaterial`, `result`) VALUES ('d00000116', 'ar00000116', 'BAR-00116', 'Wood', 'Wood', 'Compliant');
INSERT INTO `FireDoors` (`firedoorId`, `areaId`, `barcode`, `doorMaterial`, `frameMaterial`, `result`) VALUES ('d00000117', 'ar00000117', 'BAR-00117', 'Wood', 'Wood', 'Compliant');
INSERT INTO `FireDoors` (`firedoorId`, `areaId`, `barcode`, `doorMaterial`, `frameMaterial`, `result`) VALUES ('d00000118', 'ar00000118', 'BAR-00118', 'Wood', 'Plastic', 'Compliant');
INSERT INTO `FireDoors` (`firedoorId`, `areaId`, `barcode`, `doorMaterial`, `frameMaterial`, `result`) VALUES ('d00000119', 'ar00000119', 'BAR-00119', 'Wood', 'Plastic', 'Compliant');
INSERT INTO `FireDoors` (`firedoorId`, `areaId`, `barcode`, `doorMaterial`, `frameMaterial`, `result`) VALUES ('d00000120', 'ar00000120', 'BAR-00120', 'Wood', 'Wood', 'Compliant');
INSERT INTO `FireDoors` (`firedoorId`, `areaId`, `barcode`, `doorMaterial`, `frameMaterial`, `result`) VALUES ('d00000121', 'ar00000121', 'BAR-00121', 'Wood', 'Wood', 'Compliant');
INSERT INTO `FireDoors` (`firedoorId`, `areaId`, `barcode`, `doorMaterial`, `frameMaterial`, `result`) VALUES ('d00000122', 'ar00000122', 'BAR-00122', 'Wood', 'Wood', 'Compliant');
INSERT INTO `FireDoors` (`firedoorId`, `areaId`, `barcode`, `doorMaterial`, `frameMaterial`, `result`) VALUES ('d00000123', 'ar00000123', 'BAR-00123', 'Wood', 'Wood', 'Compliant');
INSERT INTO `FireDoors` (`firedoorId`, `areaId`, `barcode`, `doorMaterial`, `frameMaterial`, `result`) VALUES ('d00000124', 'ar00000124', 'BAR-00124', 'Wood', 'Wood', 'Compliant');
INSERT INTO `FireDoors` (`firedoorId`, `areaId`, `barcode`, `doorMaterial`, `frameMaterial`, `result`) VALUES ('d00000125', 'ar00000125', 'BAR-00125', 'Wood', 'Wood', 'Compliant');
INSERT INTO `FireDoors` (`firedoorId`, `areaId`, `barcode`, `doorMaterial`, `frameMaterial`, `result`) VALUES ('d00000126', 'ar00000126', 'BAR-00126', 'Wood', 'Metal', 'Compliant');
INSERT INTO `FireDoors` (`firedoorId`, `areaId`, `barcode`, `doorMaterial`, `frameMaterial`, `result`) VALUES ('d00000127', 'ar00000127', 'BAR-00127', 'Wood', 'Metal', 'Compliant');
INSERT INTO `FireDoors` (`firedoorId`, `areaId`, `barcode`, `doorMaterial`, `frameMaterial`, `result`) VALUES ('d00000128', 'ar00000128', 'BAR-00128', 'Wood', 'Metal', 'Compliant');
INSERT INTO `FireDoors` (`firedoorId`, `areaId`, `barcode`, `doorMaterial`, `frameMaterial`, `result`) VALUES ('d00000129', 'ar00000129', 'BAR-00129', 'Wood', 'Wood', 'Compliant');
INSERT INTO `FireDoors` (`firedoorId`, `areaId`, `barcode`, `doorMaterial`, `frameMaterial`, `result`) VALUES ('d00000130', 'ar00000130', 'BAR-00130', 'Wood', 'Metal', 'Compliant');
INSERT INTO `FireDoors` (`firedoorId`, `areaId`, `barcode`, `doorMaterial`, `frameMaterial`, `result`) VALUES ('d00000131', 'ar00000131', 'BAR-00131', 'Wood', 'Metal', 'Compliant');
INSERT INTO `FireDoors` (`firedoorId`, `areaId`, `barcode`, `doorMaterial`, `frameMaterial`, `result`) VALUES ('d00000132', 'ar00000132', 'BAR-00132', 'Wood', 'Metal', 'Compliant');
INSERT INTO `FireDoors` (`firedoorId`, `areaId`, `barcode`, `doorMaterial`, `frameMaterial`, `result`) VALUES ('d00000133', 'ar00000133', 'BAR-00133', 'Wood', 'Metal', 'Compliant');
INSERT INTO `FireDoors` (`firedoorId`, `areaId`, `barcode`, `doorMaterial`, `frameMaterial`, `result`) VALUES ('d00000134', 'ar00000134', 'BAR-00134', 'Wood', 'Metal', 'Compliant');
INSERT INTO `FireDoors` (`firedoorId`, `areaId`, `barcode`, `doorMaterial`, `frameMaterial`, `result`) VALUES ('d00000135', 'ar00000135', 'BAR-00135', 'Wood', 'Metal', 'Compliant');
INSERT INTO `FireDoors` (`firedoorId`, `areaId`, `barcode`, `doorMaterial`, `frameMaterial`, `result`) VALUES ('d00000136', 'ar00000136', 'BAR-00136', 'Wood', 'Metal', 'Compliant');
INSERT INTO `FireDoors` (`firedoorId`, `areaId`, `barcode`, `doorMaterial`, `frameMaterial`, `result`) VALUES ('d00000137', 'ar00000137', 'BAR-00137', 'Wood', 'Metal', 'Compliant');
INSERT INTO `FireDoors` (`firedoorId`, `areaId`, `barcode`, `doorMaterial`, `frameMaterial`, `result`) VALUES ('d00000138', 'ar00000138', 'BAR-00138', 'Wood', 'Metal', 'Compliant');
INSERT INTO `FireDoors` (`firedoorId`, `areaId`, `barcode`, `doorMaterial`, `frameMaterial`, `result`) VALUES ('d00000139', 'ar00000139', 'BAR-00139', 'Metal', 'Wood', 'Compliant');
INSERT INTO `FireDoors` (`firedoorId`, `areaId`, `barcode`, `doorMaterial`, `frameMaterial`, `result`) VALUES ('d00000140', 'ar00000140', 'BAR-00140', 'Metal', 'Wood', 'Compliant');
INSERT INTO `FireDoors` (`firedoorId`, `areaId`, `barcode`, `doorMaterial`, `frameMaterial`, `result`) VALUES ('d00000141', 'ar00000141', 'BAR-00141', 'Metal', 'Wood', 'Compliant');
INSERT INTO `FireDoors` (`firedoorId`, `areaId`, `barcode`, `doorMaterial`, `frameMaterial`, `result`) VALUES ('d00000142', 'ar00000142', 'BAR-00142', 'Metal', 'Wood', 'Compliant');
INSERT INTO `FireDoors` (`firedoorId`, `areaId`, `barcode`, `doorMaterial`, `frameMaterial`, `result`) VALUES ('d00000143', 'ar00000143', 'BAR-00143', 'Wood', 'Wood', 'Compliant');
INSERT INTO `FireDoors` (`firedoorId`, `areaId`, `barcode`, `doorMaterial`, `frameMaterial`, `result`) VALUES ('d00000144', 'ar00000144', 'BAR-00144', 'Wood', 'Wood', 'Compliant');
INSERT INTO `FireDoors` (`firedoorId`, `areaId`, `barcode`, `doorMaterial`, `frameMaterial`, `result`) VALUES ('d00000145', 'ar00000145', 'BAR-00145', 'Wood', 'Wood', 'Compliant');
INSERT INTO `FireDoors` (`firedoorId`, `areaId`, `barcode`, `doorMaterial`, `frameMaterial`, `result`) VALUES ('d00000146', 'ar00000146', 'BAR-00146', 'Wood', 'Wood', 'Compliant');
INSERT INTO `FireDoors` (`firedoorId`, `areaId`, `barcode`, `doorMaterial`, `frameMaterial`, `result`) VALUES ('d00000147', 'ar00000147', 'BAR-00147', 'Wood', 'Wood', 'Compliant');
INSERT INTO `FireDoors` (`firedoorId`, `areaId`, `barcode`, `doorMaterial`, `frameMaterial`, `result`) VALUES ('d00000148', 'ar00000148', 'BAR-00148', 'Wood', 'Wood', 'Compliant');
INSERT INTO `FireDoors` (`firedoorId`, `areaId`, `barcode`, `doorMaterial`, `frameMaterial`, `result`) VALUES ('d00000149', 'ar00000149', 'BAR-00149', 'Wood', 'Wood', 'Compliant');
INSERT INTO `FireDoors` (`firedoorId`, `areaId`, `barcode`, `doorMaterial`, `frameMaterial`, `result`) VALUES ('d00000150', 'ar00000150', 'BAR-00150', 'Wood', 'Wood', 'Compliant');
INSERT INTO `FireDoors` (`firedoorId`, `areaId`, `barcode`, `doorMaterial`, `frameMaterial`, `result`) VALUES ('d00000151', 'ar00000151', 'BAR-00151', 'Wood', 'Wood', 'Compliant');
INSERT INTO `FireDoors` (`firedoorId`, `areaId`, `barcode`, `doorMaterial`, `frameMaterial`, `result`) VALUES ('d00000152', 'ar00000152', 'BAR-00152', 'Wood', 'Wood', 'Compliant');
INSERT INTO `FireDoors` (`firedoorId`, `areaId`, `barcode`, `doorMaterial`, `frameMaterial`, `result`) VALUES ('d00000153', 'ar00000153', 'BAR-00153', 'Wood', 'Wood', 'Compliant');
INSERT INTO `FireDoors` (`firedoorId`, `areaId`, `barcode`, `doorMaterial`, `frameMaterial`, `result`) VALUES ('d00000154', 'ar00000154', 'BAR-00154', 'Wood', 'Wood', 'Compliant');
INSERT INTO `FireDoors` (`firedoorId`, `areaId`, `barcode`, `doorMaterial`, `frameMaterial`, `result`) VALUES ('d00000155', 'ar00000155', 'BAR-00155', 'Wood', 'Wood', 'Compliant');
INSERT INTO `FireDoors` (`firedoorId`, `areaId`, `barcode`, `doorMaterial`, `frameMaterial`, `result`) VALUES ('d00000156', 'ar00000156', 'BAR-00156', 'Wood', 'Wood', 'Compliant');
INSERT INTO `FireDoors` (`firedoorId`, `areaId`, `barcode`, `doorMaterial`, `frameMaterial`, `result`) VALUES ('d00000157', 'ar00000157', 'BAR-00157', 'Wood', 'Wood', 'Compliant');
INSERT INTO `FireDoors` (`firedoorId`, `areaId`, `barcode`, `doorMaterial`, `frameMaterial`, `result`) VALUES ('d00000158', 'ar00000158', 'BAR-00158', 'Wood', 'Wood', 'Compliant');
INSERT INTO `FireDoors` (`firedoorId`, `areaId`, `barcode`, `doorMaterial`, `frameMaterial`, `result`) VALUES ('d00000159', 'ar00000159', 'BAR-00159', 'Wood', 'Wood', 'Compliant');
INSERT INTO `FireDoors` (`firedoorId`, `areaId`, `barcode`, `doorMaterial`, `frameMaterial`, `result`) VALUES ('d00000160', 'ar00000160', 'BAR-00160', 'Wood', 'Wood', 'Compliant');
INSERT INTO `FireDoors` (`firedoorId`, `areaId`, `barcode`, `doorMaterial`, `frameMaterial`, `result`) VALUES ('d00000161', 'ar00000161', 'BAR-00161', 'Wood', 'Wood', 'Compliant');
INSERT INTO `FireDoors` (`firedoorId`, `areaId`, `barcode`, `doorMaterial`, `frameMaterial`, `result`) VALUES ('d00000162', 'ar00000162', 'BAR-00162', 'Wood', 'Wood', 'Compliant');
INSERT INTO `FireDoors` (`firedoorId`, `areaId`, `barcode`, `doorMaterial`, `frameMaterial`, `result`) VALUES ('d00000163', 'ar00000163', 'BAR-00163', 'Wood', 'Wood', 'Compliant');
INSERT INTO `FireDoors` (`firedoorId`, `areaId`, `barcode`, `doorMaterial`, `frameMaterial`, `result`) VALUES ('d00000164', 'ar00000164', 'BAR-00164', 'Wood', 'Plastic', 'Compliant');
INSERT INTO `FireDoors` (`firedoorId`, `areaId`, `barcode`, `doorMaterial`, `frameMaterial`, `result`) VALUES ('d00000165', 'ar00000165', 'BAR-00165', 'Wood', 'Plastic', 'Compliant');
INSERT INTO `FireDoors` (`firedoorId`, `areaId`, `barcode`, `doorMaterial`, `frameMaterial`, `result`) VALUES ('d00000166', 'ar00000166', 'BAR-00166', 'Wood', 'Wood', 'Compliant');
INSERT INTO `FireDoors` (`firedoorId`, `areaId`, `barcode`, `doorMaterial`, `frameMaterial`, `result`) VALUES ('d00000167', 'ar00000167', 'BAR-00167', 'Wood', 'Wood', 'Compliant');
INSERT INTO `FireDoors` (`firedoorId`, `areaId`, `barcode`, `doorMaterial`, `frameMaterial`, `result`) VALUES ('d00000168', 'ar00000168', 'BAR-00168', 'Wood', 'Wood', 'Compliant');
INSERT INTO `FireDoors` (`firedoorId`, `areaId`, `barcode`, `doorMaterial`, `frameMaterial`, `result`) VALUES ('d00000169', 'ar00000169', 'BAR-00169', 'Wood', 'Wood', 'Compliant');
INSERT INTO `FireDoors` (`firedoorId`, `areaId`, `barcode`, `doorMaterial`, `frameMaterial`, `result`) VALUES ('d00000170', 'ar00000170', 'BAR-00170', 'Wood', 'Wood', 'Compliant');
INSERT INTO `FireDoors` (`firedoorId`, `areaId`, `barcode`, `doorMaterial`, `frameMaterial`, `result`) VALUES ('d00000171', 'ar00000171', 'BAR-00171', 'Wood', 'Wood', 'Compliant');
INSERT INTO `FireDoors` (`firedoorId`, `areaId`, `barcode`, `doorMaterial`, `frameMaterial`, `result`) VALUES ('d00000172', 'ar00000172', 'BAR-00172', 'Wood', 'Metal', 'Compliant');
INSERT INTO `FireDoors` (`firedoorId`, `areaId`, `barcode`, `doorMaterial`, `frameMaterial`, `result`) VALUES ('d00000173', 'ar00000173', 'BAR-00173', 'Wood', 'Metal', 'Compliant');
INSERT INTO `FireDoors` (`firedoorId`, `areaId`, `barcode`, `doorMaterial`, `frameMaterial`, `result`) VALUES ('d00000174', 'ar00000174', 'BAR-00174', 'Wood', 'Metal', 'Compliant');
INSERT INTO `FireDoors` (`firedoorId`, `areaId`, `barcode`, `doorMaterial`, `frameMaterial`, `result`) VALUES ('d00000175', 'ar00000175', 'BAR-00175', 'Wood', 'Wood', 'Compliant');
INSERT INTO `FireDoors` (`firedoorId`, `areaId`, `barcode`, `doorMaterial`, `frameMaterial`, `result`) VALUES ('d00000176', 'ar00000176', 'BAR-00176', 'Wood', 'Metal', 'Compliant');
INSERT INTO `FireDoors` (`firedoorId`, `areaId`, `barcode`, `doorMaterial`, `frameMaterial`, `result`) VALUES ('d00000177', 'ar00000177', 'BAR-00177', 'Wood', 'Metal', 'Compliant');
INSERT INTO `FireDoors` (`firedoorId`, `areaId`, `barcode`, `doorMaterial`, `frameMaterial`, `result`) VALUES ('d00000178', 'ar00000178', 'BAR-00178', 'Wood', 'Metal', 'Compliant');
INSERT INTO `FireDoors` (`firedoorId`, `areaId`, `barcode`, `doorMaterial`, `frameMaterial`, `result`) VALUES ('d00000179', 'ar00000179', 'BAR-00179', 'Wood', 'Metal', 'Compliant');
INSERT INTO `FireDoors` (`firedoorId`, `areaId`, `barcode`, `doorMaterial`, `frameMaterial`, `result`) VALUES ('d00000180', 'ar00000180', 'BAR-00180', 'Wood', 'Metal', 'Compliant');
INSERT INTO `FireDoors` (`firedoorId`, `areaId`, `barcode`, `doorMaterial`, `frameMaterial`, `result`) VALUES ('d00000181', 'ar00000181', 'BAR-00181', 'Wood', 'Metal', 'Compliant');
INSERT INTO `FireDoors` (`firedoorId`, `areaId`, `barcode`, `doorMaterial`, `frameMaterial`, `result`) VALUES ('d00000182', 'ar00000182', 'BAR-00182', 'Wood', 'Metal', 'Compliant');
INSERT INTO `FireDoors` (`firedoorId`, `areaId`, `barcode`, `doorMaterial`, `frameMaterial`, `result`) VALUES ('d00000183', 'ar00000183', 'BAR-00183', 'Wood', 'Metal', 'Compliant');
INSERT INTO `FireDoors` (`firedoorId`, `areaId`, `barcode`, `doorMaterial`, `frameMaterial`, `result`) VALUES ('d00000184', 'ar00000184', 'BAR-00184', 'Wood', 'Metal', 'Compliant');
INSERT INTO `FireDoors` (`firedoorId`, `areaId`, `barcode`, `doorMaterial`, `frameMaterial`, `result`) VALUES ('d00000185', 'ar00000185', 'BAR-00185', 'Wood', 'Wood', 'Compliant');
INSERT INTO `FireDoors` (`firedoorId`, `areaId`, `barcode`, `doorMaterial`, `frameMaterial`, `result`) VALUES ('d00000186', 'ar00000186', 'BAR-00186', 'Wood', 'Wood', 'Compliant');
INSERT INTO `FireDoors` (`firedoorId`, `areaId`, `barcode`, `doorMaterial`, `frameMaterial`, `result`) VALUES ('d00000187', 'ar00000187', 'BAR-00187', 'Wood', 'Wood', 'Compliant');
INSERT INTO `FireDoors` (`firedoorId`, `areaId`, `barcode`, `doorMaterial`, `frameMaterial`, `result`) VALUES ('d00000188', 'ar00000188', 'BAR-00188', 'Wood', 'Wood', 'Compliant');
INSERT INTO `FireDoors` (`firedoorId`, `areaId`, `barcode`, `doorMaterial`, `frameMaterial`, `result`) VALUES ('d00000189', 'ar00000189', 'BAR-00189', 'Wood', 'Wood', 'Compliant');
INSERT INTO `FireDoors` (`firedoorId`, `areaId`, `barcode`, `doorMaterial`, `frameMaterial`, `result`) VALUES ('d00000190', 'ar00000190', 'BAR-00190', 'Wood', 'Wood', 'Compliant');
INSERT INTO `FireDoors` (`firedoorId`, `areaId`, `barcode`, `doorMaterial`, `frameMaterial`, `result`) VALUES ('d00000191', 'ar00000191', 'BAR-00191', 'Wood', 'Wood', 'Compliant');
INSERT INTO `FireDoors` (`firedoorId`, `areaId`, `barcode`, `doorMaterial`, `frameMaterial`, `result`) VALUES ('d00000192', 'ar00000192', 'BAR-00192', 'Wood', 'Wood', 'Compliant');
INSERT INTO `FireDoors` (`firedoorId`, `areaId`, `barcode`, `doorMaterial`, `frameMaterial`, `result`) VALUES ('d00000193', 'ar00000193', 'BAR-00193', 'Wood', 'Wood', 'Compliant');
INSERT INTO `FireDoors` (`firedoorId`, `areaId`, `barcode`, `doorMaterial`, `frameMaterial`, `result`) VALUES ('d00000194', 'ar00000194', 'BAR-00194', 'Wood', 'Wood', 'Compliant');
INSERT INTO `FireDoors` (`firedoorId`, `areaId`, `barcode`, `doorMaterial`, `frameMaterial`, `result`) VALUES ('d00000195', 'ar00000195', 'BAR-00195', 'Wood', 'Wood', 'Compliant');
INSERT INTO `FireDoors` (`firedoorId`, `areaId`, `barcode`, `doorMaterial`, `frameMaterial`, `result`) VALUES ('d00000196', 'ar00000196', 'BAR-00196', 'Wood', 'Wood', 'Compliant');
INSERT INTO `FireDoors` (`firedoorId`, `areaId`, `barcode`, `doorMaterial`, `frameMaterial`, `result`) VALUES ('d00000197', 'ar00000197', 'BAR-00197', 'Wood', 'Wood', 'Compliant');
INSERT INTO `FireDoors` (`firedoorId`, `areaId`, `barcode`, `doorMaterial`, `frameMaterial`, `result`) VALUES ('d00000198', 'ar00000198', 'BAR-00198', 'Wood', 'Wood', 'Compliant');
INSERT INTO `FireDoors` (`firedoorId`, `areaId`, `barcode`, `doorMaterial`, `frameMaterial`, `result`) VALUES ('d00000199', 'ar00000199', 'BAR-00199', 'Wood', 'Wood', 'Compliant');
INSERT INTO `FireDoors` (`firedoorId`, `areaId`, `barcode`, `doorMaterial`, `frameMaterial`, `result`) VALUES ('d00000200', 'ar00000200', 'BAR-00200', 'Wood', 'Wood', 'Compliant');
INSERT INTO `FireDoors` (`firedoorId`, `areaId`, `barcode`, `doorMaterial`, `frameMaterial`, `result`) VALUES ('d00000201', 'ar00000201', 'BAR-00201', 'Wood', 'Wood', 'Compliant');
INSERT INTO `FireDoors` (`firedoorId`, `areaId`, `barcode`, `doorMaterial`, `frameMaterial`, `result`) VALUES ('d00000202', 'ar00000202', 'BAR-00202', 'Wood', 'Wood', 'Compliant');
INSERT INTO `FireDoors` (`firedoorId`, `areaId`, `barcode`, `doorMaterial`, `frameMaterial`, `result`) VALUES ('d00000203', 'ar00000203', 'BAR-00203', 'Wood', 'Wood', 'Compliant');
INSERT INTO `FireDoors` (`firedoorId`, `areaId`, `barcode`, `doorMaterial`, `frameMaterial`, `result`) VALUES ('d00000204', 'ar00000204', 'BAR-00204', 'Wood', 'Wood', 'Compliant');
INSERT INTO `FireDoors` (`firedoorId`, `areaId`, `barcode`, `doorMaterial`, `frameMaterial`, `result`) VALUES ('d00000205', 'ar00000205', 'BAR-00205', 'Wood', 'Metal', 'Compliant');
INSERT INTO `FireDoors` (`firedoorId`, `areaId`, `barcode`, `doorMaterial`, `frameMaterial`, `result`) VALUES ('d00000206', 'ar00000206', 'BAR-00206', 'Wood', 'Metal', 'Compliant');
INSERT INTO `FireDoors` (`firedoorId`, `areaId`, `barcode`, `doorMaterial`, `frameMaterial`, `result`) VALUES ('d00000207', 'ar00000207', 'BAR-00207', 'Wood', 'Metal', 'Compliant');
INSERT INTO `FireDoors` (`firedoorId`, `areaId`, `barcode`, `doorMaterial`, `frameMaterial`, `result`) VALUES ('d00000208', 'ar00000208', 'BAR-00208', 'Wood', 'Metal', 'Compliant');
INSERT INTO `FireDoors` (`firedoorId`, `areaId`, `barcode`, `doorMaterial`, `frameMaterial`, `result`) VALUES ('d00000209', 'ar00000209', 'BAR-00209', 'Wood', 'Metal', 'Compliant');
INSERT INTO `FireDoors` (`firedoorId`, `areaId`, `barcode`, `doorMaterial`, `frameMaterial`, `result`) VALUES ('d00000210', 'ar00000210', 'BAR-00210', 'Wood', 'Metal', 'Compliant');
INSERT INTO `FireDoors` (`firedoorId`, `areaId`, `barcode`, `doorMaterial`, `frameMaterial`, `result`) VALUES ('d00000211', 'ar00000211', 'BAR-00211', 'Wood', 'Metal', 'Compliant');
INSERT INTO `FireDoors` (`firedoorId`, `areaId`, `barcode`, `doorMaterial`, `frameMaterial`, `result`) VALUES ('d00000212', 'ar00000212', 'BAR-00212', 'Wood', 'Metal', 'Compliant');
INSERT INTO `FireDoors` (`firedoorId`, `areaId`, `barcode`, `doorMaterial`, `frameMaterial`, `result`) VALUES ('d00000213', 'ar00000213', 'BAR-00213', 'Wood', 'Metal', 'Compliant');
INSERT INTO `FireDoors` (`firedoorId`, `areaId`, `barcode`, `doorMaterial`, `frameMaterial`, `result`) VALUES ('d00000214', 'ar00000214', 'BAR-00214', 'Wood', 'Wood', 'Compliant');
INSERT INTO `FireDoors` (`firedoorId`, `areaId`, `barcode`, `doorMaterial`, `frameMaterial`, `result`) VALUES ('d00000215', 'ar00000215', 'BAR-00215', 'Wood', 'Wood', 'Compliant');
INSERT INTO `FireDoors` (`firedoorId`, `areaId`, `barcode`, `doorMaterial`, `frameMaterial`, `result`) VALUES ('d00000216', 'ar00000216', 'BAR-00216', 'Wood', 'Wood', 'Compliant');
INSERT INTO `FireDoors` (`firedoorId`, `areaId`, `barcode`, `doorMaterial`, `frameMaterial`, `result`) VALUES ('d00000217', 'ar00000217', 'BAR-00217', 'Wood', 'Wood', 'Compliant');
INSERT INTO `FireDoors` (`firedoorId`, `areaId`, `barcode`, `doorMaterial`, `frameMaterial`, `result`) VALUES ('d00000218', 'ar00000218', 'BAR-00218', 'Wood', 'Wood', 'Compliant');
INSERT INTO `FireDoors` (`firedoorId`, `areaId`, `barcode`, `doorMaterial`, `frameMaterial`, `result`) VALUES ('d00000219', 'ar00000219', 'BAR-00219', 'Wood', 'Wood', 'Compliant');
INSERT INTO `FireDoors` (`firedoorId`, `areaId`, `barcode`, `doorMaterial`, `frameMaterial`, `result`) VALUES ('d00000220', 'ar00000220', 'BAR-00220', 'Wood', 'Wood', 'Compliant');
INSERT INTO `FireDoors` (`firedoorId`, `areaId`, `barcode`, `doorMaterial`, `frameMaterial`, `result`) VALUES ('d00000221', 'ar00000221', 'BAR-00221', 'Wood', 'Wood', 'Compliant');
INSERT INTO `FireDoors` (`firedoorId`, `areaId`, `barcode`, `doorMaterial`, `frameMaterial`, `result`) VALUES ('d00000222', 'ar00000222', 'BAR-00222', 'Wood', 'Wood', 'Compliant');
INSERT INTO `FireDoors` (`firedoorId`, `areaId`, `barcode`, `doorMaterial`, `frameMaterial`, `result`) VALUES ('d00000223', 'ar00000223', 'BAR-00223', 'Wood', 'Wood', 'Compliant');
INSERT INTO `FireDoors` (`firedoorId`, `areaId`, `barcode`, `doorMaterial`, `frameMaterial`, `result`) VALUES ('d00000224', 'ar00000224', 'BAR-00224', 'Wood', 'Wood', 'Compliant');
INSERT INTO `FireDoors` (`firedoorId`, `areaId`, `barcode`, `doorMaterial`, `frameMaterial`, `result`) VALUES ('d00000225', 'ar00000225', 'BAR-00225', 'Wood', 'Wood', 'Compliant');
INSERT INTO `FireDoors` (`firedoorId`, `areaId`, `barcode`, `doorMaterial`, `frameMaterial`, `result`) VALUES ('d00000226', 'ar00000226', 'BAR-00226', 'Wood', 'Wood', 'Compliant');
INSERT INTO `FireDoors` (`firedoorId`, `areaId`, `barcode`, `doorMaterial`, `frameMaterial`, `result`) VALUES ('d00000227', 'ar00000227', 'BAR-00227', 'Wood', 'Wood', 'Compliant');
INSERT INTO `FireDoors` (`firedoorId`, `areaId`, `barcode`, `doorMaterial`, `frameMaterial`, `result`) VALUES ('d00000228', 'ar00000228', 'BAR-00228', 'Wood', 'Wood', 'Compliant');
INSERT INTO `FireDoors` (`firedoorId`, `areaId`, `barcode`, `doorMaterial`, `frameMaterial`, `result`) VALUES ('d00000229', 'ar00000229', 'BAR-00229', 'Wood', 'Wood', 'Compliant');
INSERT INTO `FireDoors` (`firedoorId`, `areaId`, `barcode`, `doorMaterial`, `frameMaterial`, `result`) VALUES ('d00000230', 'ar00000230', 'BAR-00230', 'Wood', 'Metal', 'Compliant');
INSERT INTO `FireDoors` (`firedoorId`, `areaId`, `barcode`, `doorMaterial`, `frameMaterial`, `result`) VALUES ('d00000231', 'ar00000231', 'BAR-00231', 'Wood', 'Metal', 'Compliant');
INSERT INTO `FireDoors` (`firedoorId`, `areaId`, `barcode`, `doorMaterial`, `frameMaterial`, `result`) VALUES ('d00000232', 'ar00000232', 'BAR-00232', 'Wood', 'Metal', 'Compliant');
INSERT INTO `FireDoors` (`firedoorId`, `areaId`, `barcode`, `doorMaterial`, `frameMaterial`, `result`) VALUES ('d00000233', 'ar00000233', 'BAR-00233', 'Wood', 'Metal', 'Compliant');
INSERT INTO `FireDoors` (`firedoorId`, `areaId`, `barcode`, `doorMaterial`, `frameMaterial`, `result`) VALUES ('d00000234', 'ar00000234', 'BAR-00234', 'Wood', 'Metal', 'Compliant');
INSERT INTO `FireDoors` (`firedoorId`, `areaId`, `barcode`, `doorMaterial`, `frameMaterial`, `result`) VALUES ('d00000235', 'ar00000235', 'BAR-00235', 'Wood', 'Metal', 'Compliant');
INSERT INTO `FireDoors` (`firedoorId`, `areaId`, `barcode`, `doorMaterial`, `frameMaterial`, `result`) VALUES ('d00000236', 'ar00000236', 'BAR-00236', 'Wood', 'Metal', 'Compliant');
INSERT INTO `FireDoors` (`firedoorId`, `areaId`, `barcode`, `doorMaterial`, `frameMaterial`, `result`) VALUES ('d00000237', 'ar00000237', 'BAR-00237', 'Wood', 'Metal', 'Compliant');
INSERT INTO `FireDoors` (`firedoorId`, `areaId`, `barcode`, `doorMaterial`, `frameMaterial`, `result`) VALUES ('d00000238', 'ar00000238', 'BAR-00238', 'Wood', 'Metal', 'Compliant');
INSERT INTO `FireDoors` (`firedoorId`, `areaId`, `barcode`, `doorMaterial`, `frameMaterial`, `result`) VALUES ('d00000239', 'ar00000239', 'BAR-00239', 'Wood', 'Wood', 'Compliant');
INSERT INTO `FireDoors` (`firedoorId`, `areaId`, `barcode`, `doorMaterial`, `frameMaterial`, `result`) VALUES ('d00000240', 'ar00000240', 'BAR-00240', 'Wood', 'Wood', 'Compliant');
INSERT INTO `FireDoors` (`firedoorId`, `areaId`, `barcode`, `doorMaterial`, `frameMaterial`, `result`) VALUES ('d00000241', 'ar00000241', 'BAR-00241', 'Wood', 'Wood', 'Compliant');
INSERT INTO `FireDoors` (`firedoorId`, `areaId`, `barcode`, `doorMaterial`, `frameMaterial`, `result`) VALUES ('d00000242', 'ar00000242', 'BAR-00242', 'Wood', 'Wood', 'Compliant');
INSERT INTO `FireDoors` (`firedoorId`, `areaId`, `barcode`, `doorMaterial`, `frameMaterial`, `result`) VALUES ('d00000243', 'ar00000243', 'BAR-00243', 'Wood', 'Wood', 'Compliant');
INSERT INTO `FireDoors` (`firedoorId`, `areaId`, `barcode`, `doorMaterial`, `frameMaterial`, `result`) VALUES ('d00000244', 'ar00000244', 'BAR-00244', 'Wood', 'Wood', 'Compliant');
INSERT INTO `FireDoors` (`firedoorId`, `areaId`, `barcode`, `doorMaterial`, `frameMaterial`, `result`) VALUES ('d00000245', 'ar00000245', 'BAR-00245', 'Wood', 'Wood', 'Compliant');
INSERT INTO `FireDoors` (`firedoorId`, `areaId`, `barcode`, `doorMaterial`, `frameMaterial`, `result`) VALUES ('d00000246', 'ar00000246', 'BAR-00246', 'Wood', 'Wood', 'Compliant');
INSERT INTO `FireDoors` (`firedoorId`, `areaId`, `barcode`, `doorMaterial`, `frameMaterial`, `result`) VALUES ('d00000247', 'ar00000247', 'BAR-00247', 'Wood', 'Wood', 'Compliant');
INSERT INTO `FireDoors` (`firedoorId`, `areaId`, `barcode`, `doorMaterial`, `frameMaterial`, `result`) VALUES ('d00000248', 'ar00000248', 'BAR-00248', 'Wood', 'Wood', 'Compliant');
INSERT INTO `FireDoors` (`firedoorId`, `areaId`, `barcode`, `doorMaterial`, `frameMaterial`, `result`) VALUES ('d00000249', 'ar00000249', 'BAR-00249', 'Wood', 'Wood', 'Compliant');
INSERT INTO `FireDoors` (`firedoorId`, `areaId`, `barcode`, `doorMaterial`, `frameMaterial`, `result`) VALUES ('d00000250', 'ar00000250', 'BAR-00250', 'Wood', 'Wood', 'Compliant');
INSERT INTO `FireDoors` (`firedoorId`, `areaId`, `barcode`, `doorMaterial`, `frameMaterial`, `result`) VALUES ('d00000251', 'ar00000251', 'BAR-00251', 'Wood', 'Wood', 'Compliant');
INSERT INTO `FireDoors` (`firedoorId`, `areaId`, `barcode`, `doorMaterial`, `frameMaterial`, `result`) VALUES ('d00000252', 'ar00000252', 'BAR-00252', 'Wood', 'Wood', 'Compliant');
INSERT INTO `FireDoors` (`firedoorId`, `areaId`, `barcode`, `doorMaterial`, `frameMaterial`, `result`) VALUES ('d00000253', 'ar00000253', 'BAR-00253', 'Wood', 'Wood', 'Compliant');
INSERT INTO `FireDoors` (`firedoorId`, `areaId`, `barcode`, `doorMaterial`, `frameMaterial`, `result`) VALUES ('d00000254', 'ar00000254', 'BAR-00254', 'Wood', 'Metal', 'Compliant');
INSERT INTO `FireDoors` (`firedoorId`, `areaId`, `barcode`, `doorMaterial`, `frameMaterial`, `result`) VALUES ('d00000255', 'ar00000255', 'BAR-00255', 'Wood', 'Metal', 'Compliant');
INSERT INTO `FireDoors` (`firedoorId`, `areaId`, `barcode`, `doorMaterial`, `frameMaterial`, `result`) VALUES ('d00000256', 'ar00000256', 'BAR-00256', 'Wood', 'Metal', 'Non-Compliant');
INSERT INTO `FireDoors` (`firedoorId`, `areaId`, `barcode`, `doorMaterial`, `frameMaterial`, `result`) VALUES ('d00000257', 'ar00000257', 'BAR-00257', 'Wood', 'Metal', 'Non-Compliant');
INSERT INTO `FireDoors` (`firedoorId`, `areaId`, `barcode`, `doorMaterial`, `frameMaterial`, `result`) VALUES ('d00000258', 'ar00000258', 'BAR-00258', 'Wood', 'Metal', 'Non-Compliant');
INSERT INTO `FireDoors` (`firedoorId`, `areaId`, `barcode`, `doorMaterial`, `frameMaterial`, `result`) VALUES ('d00000259', 'ar00000259', 'BAR-00259', 'Wood', 'Metal', 'Non-Compliant');
INSERT INTO `FireDoors` (`firedoorId`, `areaId`, `barcode`, `doorMaterial`, `frameMaterial`, `result`) VALUES ('d00000260', 'ar00000260', 'BAR-00260', 'Wood', 'Metal', 'Non-Compliant');
INSERT INTO `FireDoors` (`firedoorId`, `areaId`, `barcode`, `doorMaterial`, `frameMaterial`, `result`) VALUES ('d00000261', 'ar00000261', 'BAR-00261', 'Wood', 'Metal', 'Non-Compliant');
INSERT INTO `FireDoors` (`firedoorId`, `areaId`, `barcode`, `doorMaterial`, `frameMaterial`, `result`) VALUES ('d00000262', 'ar00000262', 'BAR-00262', 'Metal', 'Metal', 'Non-Compliant');
INSERT INTO `FireDoors` (`firedoorId`, `areaId`, `barcode`, `doorMaterial`, `frameMaterial`, `result`) VALUES ('d00000263', 'ar00000263', 'BAR-00263', 'Metal', 'Metal', 'Non-Compliant');
INSERT INTO `FireDoors` (`firedoorId`, `areaId`, `barcode`, `doorMaterial`, `frameMaterial`, `result`) VALUES ('d00000264', 'ar00000264', 'BAR-00264', 'Metal', 'Metal', 'Non-Compliant');
INSERT INTO `FireDoors` (`firedoorId`, `areaId`, `barcode`, `doorMaterial`, `frameMaterial`, `result`) VALUES ('d00000265', 'ar00000001', 'QVR-00001', 'Wood', 'Wood', 'Compliant');
INSERT INTO `FireDoors` (`firedoorId`, `areaId`, `barcode`, `doorMaterial`, `frameMaterial`, `result`) VALUES ('d00000266', 'ar00000002', 'QVR-00002', 'Wood', 'Wood', 'Non-Compliant');
INSERT INTO `FireDoors` (`firedoorId`, `areaId`, `barcode`, `doorMaterial`, `frameMaterial`, `result`) VALUES ('d00000267', 'ar00000003', 'QVR-00003', 'Wood', 'Wood', 'Non-Compliant');
INSERT INTO `FireDoors` (`firedoorId`, `areaId`, `barcode`, `doorMaterial`, `frameMaterial`, `result`) VALUES ('d00000268', 'ar00000004', 'QVR-00004', 'Wood', 'Wood', 'Non-Compliant');
INSERT INTO `FireDoors` (`firedoorId`, `areaId`, `barcode`, `doorMaterial`, `frameMaterial`, `result`) VALUES ('d00000269', 'ar00000005', 'QVR-00005', 'Wood', 'Wood', 'Non-Compliant');
INSERT INTO `FireDoors` (`firedoorId`, `areaId`, `barcode`, `doorMaterial`, `frameMaterial`, `result`) VALUES ('d00000270', 'ar00000006', 'QVR-00006', 'Wood', 'Wood', 'Non-Compliant');
INSERT INTO `FireDoors` (`firedoorId`, `areaId`, `barcode`, `doorMaterial`, `frameMaterial`, `result`) VALUES ('d00000271', 'ar00000007', 'QVR-00007', 'Wood', 'Wood', 'Non-Compliant');
INSERT INTO `FireDoors` (`firedoorId`, `areaId`, `barcode`, `doorMaterial`, `frameMaterial`, `result`) VALUES ('d00000272', 'ar00000008', 'QVR-00008', 'Wood', 'Wood', 'Non-Compliant');
INSERT INTO `FireDoors` (`firedoorId`, `areaId`, `barcode`, `doorMaterial`, `frameMaterial`, `result`) VALUES ('d00000273', 'ar00000009', 'QVR-00009', 'Wood', 'Wood', 'Non-Compliant');
INSERT INTO `FireDoors` (`firedoorId`, `areaId`, `barcode`, `doorMaterial`, `frameMaterial`, `result`) VALUES ('d00000274', 'ar00000010', 'QVR-00010', 'Wood', 'Wood', 'Non-Compliant');
INSERT INTO `FireDoors` (`firedoorId`, `areaId`, `barcode`, `doorMaterial`, `frameMaterial`, `result`) VALUES ('d00000275', 'ar00000011', 'QVR-00011', 'Wood', 'Wood', 'Non-Compliant');
INSERT INTO `FireDoors` (`firedoorId`, `areaId`, `barcode`, `doorMaterial`, `frameMaterial`, `result`) VALUES ('d00000276', 'ar00000012', 'QVR-00012', 'Wood', 'Wood', 'Compliant');
INSERT INTO `FireDoors` (`firedoorId`, `areaId`, `barcode`, `doorMaterial`, `frameMaterial`, `result`) VALUES ('d00000277', 'ar00000013', 'QVR-00013', 'Wood', 'Wood', 'Compliant');
INSERT INTO `FireDoors` (`firedoorId`, `areaId`, `barcode`, `doorMaterial`, `frameMaterial`, `result`) VALUES ('d00000278', 'ar00000014', 'QVR-00014', 'Wood', 'Wood', 'Compliant');
INSERT INTO `FireDoors` (`firedoorId`, `areaId`, `barcode`, `doorMaterial`, `frameMaterial`, `result`) VALUES ('d00000279', 'ar00000015', 'QVR-00015', 'Wood', 'Wood', 'Compliant');
INSERT INTO `FireDoors` (`firedoorId`, `areaId`, `barcode`, `doorMaterial`, `frameMaterial`, `result`) VALUES ('d00000280', 'ar00000016', 'QVR-00016', 'Wood', 'Wood', 'Compliant');
INSERT INTO `FireDoors` (`firedoorId`, `areaId`, `barcode`, `doorMaterial`, `frameMaterial`, `result`) VALUES ('d00000281', 'ar00000017', 'QVR-00017', 'Wood', 'Wood', 'Compliant');
INSERT INTO `FireDoors` (`firedoorId`, `areaId`, `barcode`, `doorMaterial`, `frameMaterial`, `result`) VALUES ('d00000282', 'ar00000018', 'QVR-00018', 'Wood', 'Wood', 'Compliant');
INSERT INTO `FireDoors` (`firedoorId`, `areaId`, `barcode`, `doorMaterial`, `frameMaterial`, `result`) VALUES ('d00000283', 'ar00000019', 'QVR-00019', 'Wood', 'Wood', 'Compliant');
INSERT INTO `FireDoors` (`firedoorId`, `areaId`, `barcode`, `doorMaterial`, `frameMaterial`, `result`) VALUES ('d00000284', 'ar00000020', 'QVR-00020', 'Wood', 'Wood', 'Compliant');
INSERT INTO `FireDoors` (`firedoorId`, `areaId`, `barcode`, `doorMaterial`, `frameMaterial`, `result`) VALUES ('d00000285', 'ar00000021', 'QVR-00021', 'Wood', 'Wood', 'Compliant');
INSERT INTO `FireDoors` (`firedoorId`, `areaId`, `barcode`, `doorMaterial`, `frameMaterial`, `result`) VALUES ('d00000286', 'ar00000022', 'QVR-00022', 'Wood', 'Wood', 'Compliant');
INSERT INTO `FireDoors` (`firedoorId`, `areaId`, `barcode`, `doorMaterial`, `frameMaterial`, `result`) VALUES ('d00000287', 'ar00000023', 'QVR-00023', 'Wood', 'Wood', 'Compliant');
INSERT INTO `FireDoors` (`firedoorId`, `areaId`, `barcode`, `doorMaterial`, `frameMaterial`, `result`) VALUES ('d00000288', 'ar00000024', 'QVR-00024', 'Wood', 'Wood', 'Compliant');
INSERT INTO `FireDoors` (`firedoorId`, `areaId`, `barcode`, `doorMaterial`, `frameMaterial`, `result`) VALUES ('d00000289', 'ar00000025', 'QVR-00025', 'Wood', 'Wood', 'Compliant');
INSERT INTO `FireDoors` (`firedoorId`, `areaId`, `barcode`, `doorMaterial`, `frameMaterial`, `result`) VALUES ('d00000290', 'ar00000026', 'QVR-00026', 'Plastic', 'Plastic', 'Compliant');
INSERT INTO `FireDoors` (`firedoorId`, `areaId`, `barcode`, `doorMaterial`, `frameMaterial`, `result`) VALUES ('d00000291', 'ar00000027', 'QVR-00027', 'Plastic', 'Plastic', 'Compliant');
INSERT INTO `FireDoors` (`firedoorId`, `areaId`, `barcode`, `doorMaterial`, `frameMaterial`, `result`) VALUES ('d00000292', 'ar00000028', 'QVR-00028', 'Wood', 'Wood', 'Compliant');
INSERT INTO `FireDoors` (`firedoorId`, `areaId`, `barcode`, `doorMaterial`, `frameMaterial`, `result`) VALUES ('d00000293', 'ar00000029', 'QVR-00029', 'Wood', 'Wood', 'Compliant');
INSERT INTO `FireDoors` (`firedoorId`, `areaId`, `barcode`, `doorMaterial`, `frameMaterial`, `result`) VALUES ('d00000294', 'ar00000030', 'QVR-00030', 'Wood', 'Wood', 'Compliant');
INSERT INTO `FireDoors` (`firedoorId`, `areaId`, `barcode`, `doorMaterial`, `frameMaterial`, `result`) VALUES ('d00000295', 'ar00000031', 'QVR-00031', 'Wood', 'Wood', 'Compliant');
INSERT INTO `FireDoors` (`firedoorId`, `areaId`, `barcode`, `doorMaterial`, `frameMaterial`, `result`) VALUES ('d00000296', 'ar00000032', 'QVR-00032', 'Wood', 'Wood', 'Compliant');
INSERT INTO `FireDoors` (`firedoorId`, `areaId`, `barcode`, `doorMaterial`, `frameMaterial`, `result`) VALUES ('d00000297', 'ar00000033', 'QVR-00033', 'Wood', 'Wood', 'Compliant');
INSERT INTO `FireDoors` (`firedoorId`, `areaId`, `barcode`, `doorMaterial`, `frameMaterial`, `result`) VALUES ('d00000298', 'ar00000034', 'QVR-00034', 'Metal', 'Metal', 'Compliant');
INSERT INTO `FireDoors` (`firedoorId`, `areaId`, `barcode`, `doorMaterial`, `frameMaterial`, `result`) VALUES ('d00000299', 'ar00000035', 'QVR-00035', 'Metal', 'Metal', 'Compliant');
INSERT INTO `FireDoors` (`firedoorId`, `areaId`, `barcode`, `doorMaterial`, `frameMaterial`, `result`) VALUES ('d00000300', 'ar00000036', 'QVR-00036', 'Metal', 'Metal', 'Compliant');
INSERT INTO `FireDoors` (`firedoorId`, `areaId`, `barcode`, `doorMaterial`, `frameMaterial`, `result`) VALUES ('d00000301', 'ar00000037', 'QVR-00037', 'Metal', 'Wood', 'Compliant');
INSERT INTO `FireDoors` (`firedoorId`, `areaId`, `barcode`, `doorMaterial`, `frameMaterial`, `result`) VALUES ('d00000302', 'ar00000038', 'QVR-00038', 'Metal', 'Metal', 'Compliant');
INSERT INTO `FireDoors` (`firedoorId`, `areaId`, `barcode`, `doorMaterial`, `frameMaterial`, `result`) VALUES ('d00000303', 'ar00000039', 'QVR-00039', 'Metal', 'Metal', 'Compliant');
INSERT INTO `FireDoors` (`firedoorId`, `areaId`, `barcode`, `doorMaterial`, `frameMaterial`, `result`) VALUES ('d00000304', 'ar00000040', 'QVR-00040', 'Metal', 'Metal', 'Compliant');
INSERT INTO `FireDoors` (`firedoorId`, `areaId`, `barcode`, `doorMaterial`, `frameMaterial`, `result`) VALUES ('d00000305', 'ar00000041', 'QVR-00041', 'Metal', 'Metal', 'Compliant');
INSERT INTO `FireDoors` (`firedoorId`, `areaId`, `barcode`, `doorMaterial`, `frameMaterial`, `result`) VALUES ('d00000306', 'ar00000042', 'QVR-00042', 'Metal', 'Metal', 'Compliant');
INSERT INTO `FireDoors` (`firedoorId`, `areaId`, `barcode`, `doorMaterial`, `frameMaterial`, `result`) VALUES ('d00000307', 'ar00000043', 'QVR-00043', 'Metal', 'Metal', 'Compliant');
INSERT INTO `FireDoors` (`firedoorId`, `areaId`, `barcode`, `doorMaterial`, `frameMaterial`, `result`) VALUES ('d00000308', 'ar00000044', 'QVR-00044', 'Metal', 'Metal', 'Compliant');
INSERT INTO `FireDoors` (`firedoorId`, `areaId`, `barcode`, `doorMaterial`, `frameMaterial`, `result`) VALUES ('d00000309', 'ar00000045', 'QVR-00045', 'Metal', 'Metal', 'Compliant');
INSERT INTO `FireDoors` (`firedoorId`, `areaId`, `barcode`, `doorMaterial`, `frameMaterial`, `result`) VALUES ('d00000310', 'ar00000046', 'QVR-00046', 'Metal', 'Metal', 'Compliant');
INSERT INTO `FireDoors` (`firedoorId`, `areaId`, `barcode`, `doorMaterial`, `frameMaterial`, `result`) VALUES ('d00000311', 'ar00000047', 'QVR-00047', 'Wood', 'Wood', 'Compliant');
INSERT INTO `FireDoors` (`firedoorId`, `areaId`, `barcode`, `doorMaterial`, `frameMaterial`, `result`) VALUES ('d00000312', 'ar00000048', 'QVR-00048', 'Wood', 'Wood', 'Compliant');
INSERT INTO `FireDoors` (`firedoorId`, `areaId`, `barcode`, `doorMaterial`, `frameMaterial`, `result`) VALUES ('d00000313', 'ar00000049', 'QVR-00049', 'Wood', 'Wood', 'Non-Compliant');
INSERT INTO `FireDoors` (`firedoorId`, `areaId`, `barcode`, `doorMaterial`, `frameMaterial`, `result`) VALUES ('d00000314', 'ar00000050', 'QVR-00050', 'Wood', 'Wood', 'Non-Compliant');
INSERT INTO `FireDoors` (`firedoorId`, `areaId`, `barcode`, `doorMaterial`, `frameMaterial`, `result`) VALUES ('d00000315', 'ar00000051', 'QVR-00051', 'Wood', 'Wood', 'Non-Compliant');
INSERT INTO `FireDoors` (`firedoorId`, `areaId`, `barcode`, `doorMaterial`, `frameMaterial`, `result`) VALUES ('d00000316', 'ar00000052', 'QVR-00052', 'Wood', 'Wood', 'Non-Compliant');
INSERT INTO `FireDoors` (`firedoorId`, `areaId`, `barcode`, `doorMaterial`, `frameMaterial`, `result`) VALUES ('d00000317', 'ar00000053', 'QVR-00053', 'Wood', 'Wood', 'Compliant');
INSERT INTO `FireDoors` (`firedoorId`, `areaId`, `barcode`, `doorMaterial`, `frameMaterial`, `result`) VALUES ('d00000318', 'ar00000054', 'QVR-00054', 'Wood', 'Wood', 'Compliant');
INSERT INTO `FireDoors` (`firedoorId`, `areaId`, `barcode`, `doorMaterial`, `frameMaterial`, `result`) VALUES ('d00000319', 'ar00000055', 'QVR-00055', 'Wood', 'Wood', 'Compliant');
INSERT INTO `FireDoors` (`firedoorId`, `areaId`, `barcode`, `doorMaterial`, `frameMaterial`, `result`) VALUES ('d00000320', 'ar00000056', 'QVR-00056', 'Wood', 'Wood', 'Compliant');
INSERT INTO `FireDoors` (`firedoorId`, `areaId`, `barcode`, `doorMaterial`, `frameMaterial`, `result`) VALUES ('d00000321', 'ar00000057', 'QVR-00057', 'Wood', 'Wood', 'Compliant');
INSERT INTO `FireDoors` (`firedoorId`, `areaId`, `barcode`, `doorMaterial`, `frameMaterial`, `result`) VALUES ('d00000322', 'ar00000058', 'QVR-00058', 'Wood', 'Wood', 'Compliant');
INSERT INTO `FireDoors` (`firedoorId`, `areaId`, `barcode`, `doorMaterial`, `frameMaterial`, `result`) VALUES ('d00000323', 'ar00000059', 'QVR-00059', 'Wood', 'Wood', 'Compliant');
INSERT INTO `FireDoors` (`firedoorId`, `areaId`, `barcode`, `doorMaterial`, `frameMaterial`, `result`) VALUES ('d00000324', 'ar00000060', 'QVR-00060', 'Wood', 'Wood', 'Compliant');
INSERT INTO `FireDoors` (`firedoorId`, `areaId`, `barcode`, `doorMaterial`, `frameMaterial`, `result`) VALUES ('d00000325', 'ar00000061', 'QVR-00061', 'Wood', 'Wood', 'Compliant');
INSERT INTO `FireDoors` (`firedoorId`, `areaId`, `barcode`, `doorMaterial`, `frameMaterial`, `result`) VALUES ('d00000326', 'ar00000062', 'QVR-00062', 'Wood', 'Wood', 'Compliant');
INSERT INTO `FireDoors` (`firedoorId`, `areaId`, `barcode`, `doorMaterial`, `frameMaterial`, `result`) VALUES ('d00000327', 'ar00000063', 'QVR-00063', 'Wood', 'Wood', 'Compliant');
INSERT INTO `FireDoors` (`firedoorId`, `areaId`, `barcode`, `doorMaterial`, `frameMaterial`, `result`) VALUES ('d00000328', 'ar00000064', 'QVR-00064', 'Wood', 'Wood', 'Compliant');
INSERT INTO `FireDoors` (`firedoorId`, `areaId`, `barcode`, `doorMaterial`, `frameMaterial`, `result`) VALUES ('d00000329', 'ar00000065', 'QVR-00065', 'Wood', 'Wood', 'Compliant');
INSERT INTO `FireDoors` (`firedoorId`, `areaId`, `barcode`, `doorMaterial`, `frameMaterial`, `result`) VALUES ('d00000330', 'ar00000066', 'QVR-00066', 'Wood', 'Wood', 'Compliant');
INSERT INTO `FireDoors` (`firedoorId`, `areaId`, `barcode`, `doorMaterial`, `frameMaterial`, `result`) VALUES ('d00000331', 'ar00000067', 'QVR-00067', 'Wood', 'Wood', 'Compliant');
INSERT INTO `FireDoors` (`firedoorId`, `areaId`, `barcode`, `doorMaterial`, `frameMaterial`, `result`) VALUES ('d00000332', 'ar00000068', 'QVR-00068', 'Wood', 'Wood', 'Compliant');
INSERT INTO `FireDoors` (`firedoorId`, `areaId`, `barcode`, `doorMaterial`, `frameMaterial`, `result`) VALUES ('d00000333', 'ar00000069', 'QVR-00069', 'Wood', 'Wood', 'Compliant');
INSERT INTO `FireDoors` (`firedoorId`, `areaId`, `barcode`, `doorMaterial`, `frameMaterial`, `result`) VALUES ('d00000334', 'ar00000070', 'QVR-00070', 'Wood', 'Wood', 'Compliant');
INSERT INTO `FireDoors` (`firedoorId`, `areaId`, `barcode`, `doorMaterial`, `frameMaterial`, `result`) VALUES ('d00000335', 'ar00000071', 'QVR-00071', 'Wood', 'Wood', 'Compliant');
INSERT INTO `FireDoors` (`firedoorId`, `areaId`, `barcode`, `doorMaterial`, `frameMaterial`, `result`) VALUES ('d00000336', 'ar00000072', 'QVR-00072', 'Wood', 'Plastic', 'Compliant');
INSERT INTO `FireDoors` (`firedoorId`, `areaId`, `barcode`, `doorMaterial`, `frameMaterial`, `result`) VALUES ('d00000337', 'ar00000073', 'QVR-00073', 'Wood', 'Plastic', 'Compliant');
INSERT INTO `FireDoors` (`firedoorId`, `areaId`, `barcode`, `doorMaterial`, `frameMaterial`, `result`) VALUES ('d00000338', 'ar00000074', 'QVR-00074', 'Wood', 'Wood', 'Compliant');
INSERT INTO `FireDoors` (`firedoorId`, `areaId`, `barcode`, `doorMaterial`, `frameMaterial`, `result`) VALUES ('d00000339', 'ar00000075', 'QVR-00075', 'Wood', 'Wood', 'Compliant');
INSERT INTO `FireDoors` (`firedoorId`, `areaId`, `barcode`, `doorMaterial`, `frameMaterial`, `result`) VALUES ('d00000340', 'ar00000076', 'QVR-00076', 'Wood', 'Wood', 'Compliant');
INSERT INTO `FireDoors` (`firedoorId`, `areaId`, `barcode`, `doorMaterial`, `frameMaterial`, `result`) VALUES ('d00000341', 'ar00000077', 'QVR-00077', 'Wood', 'Wood', 'Compliant');
INSERT INTO `FireDoors` (`firedoorId`, `areaId`, `barcode`, `doorMaterial`, `frameMaterial`, `result`) VALUES ('d00000342', 'ar00000078', 'QVR-00078', 'Wood', 'Wood', 'Compliant');
INSERT INTO `FireDoors` (`firedoorId`, `areaId`, `barcode`, `doorMaterial`, `frameMaterial`, `result`) VALUES ('d00000343', 'ar00000079', 'QVR-00079', 'Wood', 'Wood', 'Compliant');
INSERT INTO `FireDoors` (`firedoorId`, `areaId`, `barcode`, `doorMaterial`, `frameMaterial`, `result`) VALUES ('d00000344', 'ar00000080', 'QVR-00080', 'Wood', 'Metal', 'Compliant');
INSERT INTO `FireDoors` (`firedoorId`, `areaId`, `barcode`, `doorMaterial`, `frameMaterial`, `result`) VALUES ('d00000345', 'ar00000081', 'QVR-00081', 'Wood', 'Metal', 'Compliant');
INSERT INTO `FireDoors` (`firedoorId`, `areaId`, `barcode`, `doorMaterial`, `frameMaterial`, `result`) VALUES ('d00000346', 'ar00000082', 'QVR-00082', 'Wood', 'Metal', 'Compliant');
INSERT INTO `FireDoors` (`firedoorId`, `areaId`, `barcode`, `doorMaterial`, `frameMaterial`, `result`) VALUES ('d00000347', 'ar00000083', 'QVR-00083', 'Wood', 'Wood', 'Compliant');
INSERT INTO `FireDoors` (`firedoorId`, `areaId`, `barcode`, `doorMaterial`, `frameMaterial`, `result`) VALUES ('d00000348', 'ar00000084', 'QVR-00084', 'Wood', 'Metal', 'Compliant');
INSERT INTO `FireDoors` (`firedoorId`, `areaId`, `barcode`, `doorMaterial`, `frameMaterial`, `result`) VALUES ('d00000349', 'ar00000085', 'QVR-00085', 'Wood', 'Metal', 'Compliant');
INSERT INTO `FireDoors` (`firedoorId`, `areaId`, `barcode`, `doorMaterial`, `frameMaterial`, `result`) VALUES ('d00000350', 'ar00000086', 'QVR-00086', 'Wood', 'Metal', 'Compliant');
INSERT INTO `FireDoors` (`firedoorId`, `areaId`, `barcode`, `doorMaterial`, `frameMaterial`, `result`) VALUES ('d00000351', 'ar00000087', 'QVR-00087', 'Wood', 'Metal', 'Compliant');
INSERT INTO `FireDoors` (`firedoorId`, `areaId`, `barcode`, `doorMaterial`, `frameMaterial`, `result`) VALUES ('d00000352', 'ar00000088', 'QVR-00088', 'Wood', 'Metal', 'Compliant');
INSERT INTO `FireDoors` (`firedoorId`, `areaId`, `barcode`, `doorMaterial`, `frameMaterial`, `result`) VALUES ('d00000353', 'ar00000089', 'QVR-00089', 'Wood', 'Metal', 'Compliant');
INSERT INTO `FireDoors` (`firedoorId`, `areaId`, `barcode`, `doorMaterial`, `frameMaterial`, `result`) VALUES ('d00000354', 'ar00000090', 'QVR-00090', 'Wood', 'Metal', 'Compliant');
INSERT INTO `FireDoors` (`firedoorId`, `areaId`, `barcode`, `doorMaterial`, `frameMaterial`, `result`) VALUES ('d00000355', 'ar00000091', 'QVR-00091', 'Wood', 'Metal', 'Compliant');
INSERT INTO `FireDoors` (`firedoorId`, `areaId`, `barcode`, `doorMaterial`, `frameMaterial`, `result`) VALUES ('d00000356', 'ar00000092', 'QVR-00092', 'Wood', 'Metal', 'Compliant');
INSERT INTO `FireDoors` (`firedoorId`, `areaId`, `barcode`, `doorMaterial`, `frameMaterial`, `result`) VALUES ('d00000357', 'ar00000093', 'QVR-00093', 'Wood', 'Wood', 'Compliant');
INSERT INTO `FireDoors` (`firedoorId`, `areaId`, `barcode`, `doorMaterial`, `frameMaterial`, `result`) VALUES ('d00000358', 'ar00000094', 'QVR-00094', 'Wood', 'Wood', 'Compliant');
INSERT INTO `FireDoors` (`firedoorId`, `areaId`, `barcode`, `doorMaterial`, `frameMaterial`, `result`) VALUES ('d00000359', 'ar00000095', 'QVR-00095', 'Wood', 'Wood', 'Compliant');
INSERT INTO `FireDoors` (`firedoorId`, `areaId`, `barcode`, `doorMaterial`, `frameMaterial`, `result`) VALUES ('d00000360', 'ar00000096', 'QVR-00096', 'Wood', 'Wood', 'Compliant');
INSERT INTO `FireDoors` (`firedoorId`, `areaId`, `barcode`, `doorMaterial`, `frameMaterial`, `result`) VALUES ('d00000361', 'ar00000097', 'QVR-00097', 'Wood', 'Wood', 'Compliant');
INSERT INTO `FireDoors` (`firedoorId`, `areaId`, `barcode`, `doorMaterial`, `frameMaterial`, `result`) VALUES ('d00000362', 'ar00000098', 'QVR-00098', 'Wood', 'Wood', 'Compliant');
INSERT INTO `FireDoors` (`firedoorId`, `areaId`, `barcode`, `doorMaterial`, `frameMaterial`, `result`) VALUES ('d00000363', 'ar00000099', 'QVR-00099', 'Wood', 'Wood', 'Compliant');
INSERT INTO `FireDoors` (`firedoorId`, `areaId`, `barcode`, `doorMaterial`, `frameMaterial`, `result`) VALUES ('d00000364', 'ar00000100', 'QVR-00100', 'Wood', 'Wood', 'Compliant');
INSERT INTO `FireDoors` (`firedoorId`, `areaId`, `barcode`, `doorMaterial`, `frameMaterial`, `result`) VALUES ('d00000365', 'ar00000101', 'QVR-00101', 'Wood', 'Wood', 'Compliant');
INSERT INTO `FireDoors` (`firedoorId`, `areaId`, `barcode`, `doorMaterial`, `frameMaterial`, `result`) VALUES ('d00000366', 'ar00000102', 'QVR-00102', 'Wood', 'Wood', 'Compliant');
INSERT INTO `FireDoors` (`firedoorId`, `areaId`, `barcode`, `doorMaterial`, `frameMaterial`, `result`) VALUES ('d00000367', 'ar00000103', 'QVR-00103', 'Wood', 'Wood', 'Compliant');
INSERT INTO `FireDoors` (`firedoorId`, `areaId`, `barcode`, `doorMaterial`, `frameMaterial`, `result`) VALUES ('d00000368', 'ar00000104', 'QVR-00104', 'Wood', 'Wood', 'Compliant');
INSERT INTO `FireDoors` (`firedoorId`, `areaId`, `barcode`, `doorMaterial`, `frameMaterial`, `result`) VALUES ('d00000369', 'ar00000105', 'QVR-00105', 'Wood', 'Wood', 'Compliant');
INSERT INTO `FireDoors` (`firedoorId`, `areaId`, `barcode`, `doorMaterial`, `frameMaterial`, `result`) VALUES ('d00000370', 'ar00000106', 'QVR-00106', 'Wood', 'Wood', 'Compliant');
INSERT INTO `FireDoors` (`firedoorId`, `areaId`, `barcode`, `doorMaterial`, `frameMaterial`, `result`) VALUES ('d00000371', 'ar00000107', 'QVR-00107', 'Wood', 'Wood', 'Compliant');
INSERT INTO `FireDoors` (`firedoorId`, `areaId`, `barcode`, `doorMaterial`, `frameMaterial`, `result`) VALUES ('d00000372', 'ar00000108', 'QVR-00108', 'Wood', 'Wood', 'Compliant');
INSERT INTO `FireDoors` (`firedoorId`, `areaId`, `barcode`, `doorMaterial`, `frameMaterial`, `result`) VALUES ('d00000373', 'ar00000109', 'QVR-00109', 'Wood', 'Wood', 'Compliant');
INSERT INTO `FireDoors` (`firedoorId`, `areaId`, `barcode`, `doorMaterial`, `frameMaterial`, `result`) VALUES ('d00000374', 'ar00000110', 'QVR-00110', 'Wood', 'Wood', 'Compliant');
INSERT INTO `FireDoors` (`firedoorId`, `areaId`, `barcode`, `doorMaterial`, `frameMaterial`, `result`) VALUES ('d00000375', 'ar00000111', 'QVR-00111', 'Wood', 'Wood', 'Compliant');
INSERT INTO `FireDoors` (`firedoorId`, `areaId`, `barcode`, `doorMaterial`, `frameMaterial`, `result`) VALUES ('d00000376', 'ar00000112', 'QVR-00112', 'Wood', 'Wood', 'Compliant');
INSERT INTO `FireDoors` (`firedoorId`, `areaId`, `barcode`, `doorMaterial`, `frameMaterial`, `result`) VALUES ('d00000377', 'ar00000113', 'QVR-00113', 'Wood', 'Wood', 'Compliant');
INSERT INTO `FireDoors` (`firedoorId`, `areaId`, `barcode`, `doorMaterial`, `frameMaterial`, `result`) VALUES ('d00000378', 'ar00000114', 'QVR-00114', 'Wood', 'Wood', 'Compliant');
INSERT INTO `FireDoors` (`firedoorId`, `areaId`, `barcode`, `doorMaterial`, `frameMaterial`, `result`) VALUES ('d00000379', 'ar00000115', 'QVR-00115', 'Wood', 'Wood', 'Compliant');
INSERT INTO `FireDoors` (`firedoorId`, `areaId`, `barcode`, `doorMaterial`, `frameMaterial`, `result`) VALUES ('d00000380', 'ar00000116', 'QVR-00116', 'Wood', 'Wood', 'Compliant');
INSERT INTO `FireDoors` (`firedoorId`, `areaId`, `barcode`, `doorMaterial`, `frameMaterial`, `result`) VALUES ('d00000381', 'ar00000117', 'QVR-00117', 'Wood', 'Wood', 'Compliant');
INSERT INTO `FireDoors` (`firedoorId`, `areaId`, `barcode`, `doorMaterial`, `frameMaterial`, `result`) VALUES ('d00000382', 'ar00000118', 'QVR-00118', 'Wood', 'Plastic', 'Compliant');
INSERT INTO `FireDoors` (`firedoorId`, `areaId`, `barcode`, `doorMaterial`, `frameMaterial`, `result`) VALUES ('d00000383', 'ar00000119', 'QVR-00119', 'Wood', 'Plastic', 'Compliant');
INSERT INTO `FireDoors` (`firedoorId`, `areaId`, `barcode`, `doorMaterial`, `frameMaterial`, `result`) VALUES ('d00000384', 'ar00000120', 'QVR-00120', 'Wood', 'Wood', 'Compliant');
INSERT INTO `FireDoors` (`firedoorId`, `areaId`, `barcode`, `doorMaterial`, `frameMaterial`, `result`) VALUES ('d00000385', 'ar00000121', 'QVR-00121', 'Wood', 'Wood', 'Compliant');
INSERT INTO `FireDoors` (`firedoorId`, `areaId`, `barcode`, `doorMaterial`, `frameMaterial`, `result`) VALUES ('d00000386', 'ar00000122', 'QVR-00122', 'Wood', 'Wood', 'Compliant');
INSERT INTO `FireDoors` (`firedoorId`, `areaId`, `barcode`, `doorMaterial`, `frameMaterial`, `result`) VALUES ('d00000387', 'ar00000123', 'QVR-00123', 'Wood', 'Wood', 'Compliant');
INSERT INTO `FireDoors` (`firedoorId`, `areaId`, `barcode`, `doorMaterial`, `frameMaterial`, `result`) VALUES ('d00000388', 'ar00000124', 'QVR-00124', 'Wood', 'Wood', 'Compliant');
INSERT INTO `FireDoors` (`firedoorId`, `areaId`, `barcode`, `doorMaterial`, `frameMaterial`, `result`) VALUES ('d00000389', 'ar00000125', 'QVR-00125', 'Wood', 'Wood', 'Compliant');
INSERT INTO `FireDoors` (`firedoorId`, `areaId`, `barcode`, `doorMaterial`, `frameMaterial`, `result`) VALUES ('d00000390', 'ar00000126', 'QVR-00126', 'Wood', 'Metal', 'Compliant');
INSERT INTO `FireDoors` (`firedoorId`, `areaId`, `barcode`, `doorMaterial`, `frameMaterial`, `result`) VALUES ('d00000391', 'ar00000127', 'QVR-00127', 'Wood', 'Metal', 'Compliant');
INSERT INTO `FireDoors` (`firedoorId`, `areaId`, `barcode`, `doorMaterial`, `frameMaterial`, `result`) VALUES ('d00000392', 'ar00000128', 'QVR-00128', 'Wood', 'Metal', 'Compliant');
INSERT INTO `FireDoors` (`firedoorId`, `areaId`, `barcode`, `doorMaterial`, `frameMaterial`, `result`) VALUES ('d00000393', 'ar00000129', 'QVR-00129', 'Wood', 'Wood', 'Compliant');
INSERT INTO `FireDoors` (`firedoorId`, `areaId`, `barcode`, `doorMaterial`, `frameMaterial`, `result`) VALUES ('d00000394', 'ar00000130', 'QVR-00130', 'Wood', 'Metal', 'Compliant');
INSERT INTO `FireDoors` (`firedoorId`, `areaId`, `barcode`, `doorMaterial`, `frameMaterial`, `result`) VALUES ('d00000395', 'ar00000131', 'QVR-00131', 'Wood', 'Metal', 'Compliant');
INSERT INTO `FireDoors` (`firedoorId`, `areaId`, `barcode`, `doorMaterial`, `frameMaterial`, `result`) VALUES ('d00000396', 'ar00000132', 'QVR-00132', 'Wood', 'Metal', 'Compliant');
INSERT INTO `FireDoors` (`firedoorId`, `areaId`, `barcode`, `doorMaterial`, `frameMaterial`, `result`) VALUES ('d00000397', 'ar00000133', 'QVR-00133', 'Wood', 'Metal', 'Compliant');
INSERT INTO `FireDoors` (`firedoorId`, `areaId`, `barcode`, `doorMaterial`, `frameMaterial`, `result`) VALUES ('d00000398', 'ar00000134', 'QVR-00134', 'Wood', 'Metal', 'Compliant');
INSERT INTO `FireDoors` (`firedoorId`, `areaId`, `barcode`, `doorMaterial`, `frameMaterial`, `result`) VALUES ('d00000399', 'ar00000135', 'QVR-00135', 'Wood', 'Metal', 'Compliant');
INSERT INTO `FireDoors` (`firedoorId`, `areaId`, `barcode`, `doorMaterial`, `frameMaterial`, `result`) VALUES ('d00000400', 'ar00000136', 'QVR-00136', 'Wood', 'Metal', 'Compliant');
INSERT INTO `FireDoors` (`firedoorId`, `areaId`, `barcode`, `doorMaterial`, `frameMaterial`, `result`) VALUES ('d00000401', 'ar00000137', 'QVR-00137', 'Wood', 'Metal', 'Compliant');
INSERT INTO `FireDoors` (`firedoorId`, `areaId`, `barcode`, `doorMaterial`, `frameMaterial`, `result`) VALUES ('d00000402', 'ar00000138', 'QVR-00138', 'Wood', 'Metal', 'Compliant');
INSERT INTO `FireDoors` (`firedoorId`, `areaId`, `barcode`, `doorMaterial`, `frameMaterial`, `result`) VALUES ('d00000403', 'ar00000139', 'QVR-00139', 'Metal', 'Wood', 'Compliant');
INSERT INTO `FireDoors` (`firedoorId`, `areaId`, `barcode`, `doorMaterial`, `frameMaterial`, `result`) VALUES ('d00000404', 'ar00000140', 'QVR-00140', 'Metal', 'Wood', 'Compliant');
INSERT INTO `FireDoors` (`firedoorId`, `areaId`, `barcode`, `doorMaterial`, `frameMaterial`, `result`) VALUES ('d00000405', 'ar00000141', 'QVR-00141', 'Metal', 'Wood', 'Compliant');
INSERT INTO `FireDoors` (`firedoorId`, `areaId`, `barcode`, `doorMaterial`, `frameMaterial`, `result`) VALUES ('d00000406', 'ar00000142', 'QVR-00142', 'Metal', 'Wood', 'Compliant');
INSERT INTO `FireDoors` (`firedoorId`, `areaId`, `barcode`, `doorMaterial`, `frameMaterial`, `result`) VALUES ('d00000407', 'ar00000143', 'QVR-00143', 'Wood', 'Wood', 'Compliant');
INSERT INTO `FireDoors` (`firedoorId`, `areaId`, `barcode`, `doorMaterial`, `frameMaterial`, `result`) VALUES ('d00000408', 'ar00000144', 'QVR-00144', 'Wood', 'Wood', 'Compliant');
INSERT INTO `FireDoors` (`firedoorId`, `areaId`, `barcode`, `doorMaterial`, `frameMaterial`, `result`) VALUES ('d00000409', 'ar00000145', 'QVR-00145', 'Wood', 'Wood', 'Compliant');
INSERT INTO `FireDoors` (`firedoorId`, `areaId`, `barcode`, `doorMaterial`, `frameMaterial`, `result`) VALUES ('d00000410', 'ar00000146', 'QVR-00146', 'Wood', 'Wood', 'Compliant');
INSERT INTO `FireDoors` (`firedoorId`, `areaId`, `barcode`, `doorMaterial`, `frameMaterial`, `result`) VALUES ('d00000411', 'ar00000147', 'QVR-00147', 'Wood', 'Wood', 'Compliant');
INSERT INTO `FireDoors` (`firedoorId`, `areaId`, `barcode`, `doorMaterial`, `frameMaterial`, `result`) VALUES ('d00000412', 'ar00000148', 'QVR-00148', 'Wood', 'Wood', 'Compliant');
INSERT INTO `FireDoors` (`firedoorId`, `areaId`, `barcode`, `doorMaterial`, `frameMaterial`, `result`) VALUES ('d00000413', 'ar00000149', 'QVR-00149', 'Wood', 'Wood', 'Compliant');
INSERT INTO `FireDoors` (`firedoorId`, `areaId`, `barcode`, `doorMaterial`, `frameMaterial`, `result`) VALUES ('d00000414', 'ar00000150', 'QVR-00150', 'Wood', 'Wood', 'Compliant');
INSERT INTO `FireDoors` (`firedoorId`, `areaId`, `barcode`, `doorMaterial`, `frameMaterial`, `result`) VALUES ('d00000415', 'ar00000151', 'QVR-00151', 'Wood', 'Wood', 'Compliant');
INSERT INTO `FireDoors` (`firedoorId`, `areaId`, `barcode`, `doorMaterial`, `frameMaterial`, `result`) VALUES ('d00000416', 'ar00000152', 'QVR-00152', 'Wood', 'Wood', 'Compliant');
INSERT INTO `FireDoors` (`firedoorId`, `areaId`, `barcode`, `doorMaterial`, `frameMaterial`, `result`) VALUES ('d00000417', 'ar00000153', 'QVR-00153', 'Wood', 'Wood', 'Compliant');
INSERT INTO `FireDoors` (`firedoorId`, `areaId`, `barcode`, `doorMaterial`, `frameMaterial`, `result`) VALUES ('d00000418', 'ar00000154', 'QVR-00154', 'Wood', 'Wood', 'Compliant');
INSERT INTO `FireDoors` (`firedoorId`, `areaId`, `barcode`, `doorMaterial`, `frameMaterial`, `result`) VALUES ('d00000419', 'ar00000155', 'QVR-00155', 'Wood', 'Wood', 'Compliant');
INSERT INTO `FireDoors` (`firedoorId`, `areaId`, `barcode`, `doorMaterial`, `frameMaterial`, `result`) VALUES ('d00000420', 'ar00000156', 'QVR-00156', 'Wood', 'Wood', 'Compliant');
INSERT INTO `FireDoors` (`firedoorId`, `areaId`, `barcode`, `doorMaterial`, `frameMaterial`, `result`) VALUES ('d00000421', 'ar00000157', 'QVR-00157', 'Wood', 'Wood', 'Compliant');
INSERT INTO `FireDoors` (`firedoorId`, `areaId`, `barcode`, `doorMaterial`, `frameMaterial`, `result`) VALUES ('d00000422', 'ar00000158', 'QVR-00158', 'Wood', 'Wood', 'Compliant');
INSERT INTO `FireDoors` (`firedoorId`, `areaId`, `barcode`, `doorMaterial`, `frameMaterial`, `result`) VALUES ('d00000423', 'ar00000159', 'QVR-00159', 'Wood', 'Wood', 'Compliant');
INSERT INTO `FireDoors` (`firedoorId`, `areaId`, `barcode`, `doorMaterial`, `frameMaterial`, `result`) VALUES ('d00000424', 'ar00000160', 'QVR-00160', 'Wood', 'Wood', 'Compliant');
INSERT INTO `FireDoors` (`firedoorId`, `areaId`, `barcode`, `doorMaterial`, `frameMaterial`, `result`) VALUES ('d00000425', 'ar00000161', 'QVR-00161', 'Wood', 'Wood', 'Compliant');
INSERT INTO `FireDoors` (`firedoorId`, `areaId`, `barcode`, `doorMaterial`, `frameMaterial`, `result`) VALUES ('d00000426', 'ar00000162', 'QVR-00162', 'Wood', 'Wood', 'Compliant');
INSERT INTO `FireDoors` (`firedoorId`, `areaId`, `barcode`, `doorMaterial`, `frameMaterial`, `result`) VALUES ('d00000427', 'ar00000163', 'QVR-00163', 'Wood', 'Wood', 'Compliant');
INSERT INTO `FireDoors` (`firedoorId`, `areaId`, `barcode`, `doorMaterial`, `frameMaterial`, `result`) VALUES ('d00000428', 'ar00000164', 'QVR-00164', 'Wood', 'Plastic', 'Compliant');
INSERT INTO `FireDoors` (`firedoorId`, `areaId`, `barcode`, `doorMaterial`, `frameMaterial`, `result`) VALUES ('d00000429', 'ar00000165', 'QVR-00165', 'Wood', 'Plastic', 'Compliant');
INSERT INTO `FireDoors` (`firedoorId`, `areaId`, `barcode`, `doorMaterial`, `frameMaterial`, `result`) VALUES ('d00000430', 'ar00000166', 'QVR-00166', 'Wood', 'Wood', 'Compliant');
INSERT INTO `FireDoors` (`firedoorId`, `areaId`, `barcode`, `doorMaterial`, `frameMaterial`, `result`) VALUES ('d00000431', 'ar00000167', 'QVR-00167', 'Wood', 'Wood', 'Compliant');
INSERT INTO `FireDoors` (`firedoorId`, `areaId`, `barcode`, `doorMaterial`, `frameMaterial`, `result`) VALUES ('d00000432', 'ar00000168', 'QVR-00168', 'Wood', 'Wood', 'Compliant');
INSERT INTO `FireDoors` (`firedoorId`, `areaId`, `barcode`, `doorMaterial`, `frameMaterial`, `result`) VALUES ('d00000433', 'ar00000169', 'QVR-00169', 'Wood', 'Wood', 'Compliant');
INSERT INTO `FireDoors` (`firedoorId`, `areaId`, `barcode`, `doorMaterial`, `frameMaterial`, `result`) VALUES ('d00000434', 'ar00000170', 'QVR-00170', 'Wood', 'Wood', 'Compliant');
INSERT INTO `FireDoors` (`firedoorId`, `areaId`, `barcode`, `doorMaterial`, `frameMaterial`, `result`) VALUES ('d00000435', 'ar00000171', 'QVR-00171', 'Wood', 'Wood', 'Compliant');
INSERT INTO `FireDoors` (`firedoorId`, `areaId`, `barcode`, `doorMaterial`, `frameMaterial`, `result`) VALUES ('d00000436', 'ar00000172', 'QVR-00172', 'Wood', 'Metal', 'Compliant');
INSERT INTO `FireDoors` (`firedoorId`, `areaId`, `barcode`, `doorMaterial`, `frameMaterial`, `result`) VALUES ('d00000437', 'ar00000173', 'QVR-00173', 'Wood', 'Metal', 'Compliant');
INSERT INTO `FireDoors` (`firedoorId`, `areaId`, `barcode`, `doorMaterial`, `frameMaterial`, `result`) VALUES ('d00000438', 'ar00000174', 'QVR-00174', 'Wood', 'Metal', 'Compliant');
INSERT INTO `FireDoors` (`firedoorId`, `areaId`, `barcode`, `doorMaterial`, `frameMaterial`, `result`) VALUES ('d00000439', 'ar00000175', 'QVR-00175', 'Wood', 'Wood', 'Compliant');
INSERT INTO `FireDoors` (`firedoorId`, `areaId`, `barcode`, `doorMaterial`, `frameMaterial`, `result`) VALUES ('d00000440', 'ar00000176', 'QVR-00176', 'Wood', 'Metal', 'Compliant');
INSERT INTO `FireDoors` (`firedoorId`, `areaId`, `barcode`, `doorMaterial`, `frameMaterial`, `result`) VALUES ('d00000441', 'ar00000177', 'QVR-00177', 'Wood', 'Metal', 'Compliant');
INSERT INTO `FireDoors` (`firedoorId`, `areaId`, `barcode`, `doorMaterial`, `frameMaterial`, `result`) VALUES ('d00000442', 'ar00000178', 'QVR-00178', 'Wood', 'Metal', 'Compliant');
INSERT INTO `FireDoors` (`firedoorId`, `areaId`, `barcode`, `doorMaterial`, `frameMaterial`, `result`) VALUES ('d00000443', 'ar00000179', 'QVR-00179', 'Wood', 'Metal', 'Compliant');
INSERT INTO `FireDoors` (`firedoorId`, `areaId`, `barcode`, `doorMaterial`, `frameMaterial`, `result`) VALUES ('d00000444', 'ar00000180', 'QVR-00180', 'Wood', 'Metal', 'Compliant');
INSERT INTO `FireDoors` (`firedoorId`, `areaId`, `barcode`, `doorMaterial`, `frameMaterial`, `result`) VALUES ('d00000445', 'ar00000181', 'QVR-00181', 'Wood', 'Metal', 'Compliant');
INSERT INTO `FireDoors` (`firedoorId`, `areaId`, `barcode`, `doorMaterial`, `frameMaterial`, `result`) VALUES ('d00000446', 'ar00000182', 'QVR-00182', 'Wood', 'Metal', 'Compliant');
INSERT INTO `FireDoors` (`firedoorId`, `areaId`, `barcode`, `doorMaterial`, `frameMaterial`, `result`) VALUES ('d00000447', 'ar00000183', 'QVR-00183', 'Wood', 'Metal', 'Compliant');
INSERT INTO `FireDoors` (`firedoorId`, `areaId`, `barcode`, `doorMaterial`, `frameMaterial`, `result`) VALUES ('d00000448', 'ar00000184', 'QVR-00184', 'Wood', 'Metal', 'Compliant');
INSERT INTO `FireDoors` (`firedoorId`, `areaId`, `barcode`, `doorMaterial`, `frameMaterial`, `result`) VALUES ('d00000449', 'ar00000185', 'QVR-00185', 'Wood', 'Wood', 'Compliant');
INSERT INTO `FireDoors` (`firedoorId`, `areaId`, `barcode`, `doorMaterial`, `frameMaterial`, `result`) VALUES ('d00000450', 'ar00000186', 'QVR-00186', 'Wood', 'Wood', 'Compliant');
INSERT INTO `FireDoors` (`firedoorId`, `areaId`, `barcode`, `doorMaterial`, `frameMaterial`, `result`) VALUES ('d00000451', 'ar00000187', 'QVR-00187', 'Wood', 'Wood', 'Compliant');
INSERT INTO `FireDoors` (`firedoorId`, `areaId`, `barcode`, `doorMaterial`, `frameMaterial`, `result`) VALUES ('d00000452', 'ar00000188', 'QVR-00188', 'Wood', 'Wood', 'Compliant');
INSERT INTO `FireDoors` (`firedoorId`, `areaId`, `barcode`, `doorMaterial`, `frameMaterial`, `result`) VALUES ('d00000453', 'ar00000189', 'QVR-00189', 'Wood', 'Wood', 'Compliant');
INSERT INTO `FireDoors` (`firedoorId`, `areaId`, `barcode`, `doorMaterial`, `frameMaterial`, `result`) VALUES ('d00000454', 'ar00000190', 'QVR-00190', 'Wood', 'Wood', 'Compliant');
INSERT INTO `FireDoors` (`firedoorId`, `areaId`, `barcode`, `doorMaterial`, `frameMaterial`, `result`) VALUES ('d00000455', 'ar00000191', 'QVR-00191', 'Wood', 'Wood', 'Compliant');
INSERT INTO `FireDoors` (`firedoorId`, `areaId`, `barcode`, `doorMaterial`, `frameMaterial`, `result`) VALUES ('d00000456', 'ar00000192', 'QVR-00192', 'Wood', 'Wood', 'Compliant');
INSERT INTO `FireDoors` (`firedoorId`, `areaId`, `barcode`, `doorMaterial`, `frameMaterial`, `result`) VALUES ('d00000457', 'ar00000193', 'QVR-00193', 'Wood', 'Wood', 'Compliant');
INSERT INTO `FireDoors` (`firedoorId`, `areaId`, `barcode`, `doorMaterial`, `frameMaterial`, `result`) VALUES ('d00000458', 'ar00000194', 'QVR-00194', 'Wood', 'Wood', 'Compliant');
INSERT INTO `FireDoors` (`firedoorId`, `areaId`, `barcode`, `doorMaterial`, `frameMaterial`, `result`) VALUES ('d00000459', 'ar00000195', 'QVR-00195', 'Wood', 'Wood', 'Compliant');
INSERT INTO `FireDoors` (`firedoorId`, `areaId`, `barcode`, `doorMaterial`, `frameMaterial`, `result`) VALUES ('d00000460', 'ar00000196', 'QVR-00196', 'Wood', 'Wood', 'Compliant');
INSERT INTO `FireDoors` (`firedoorId`, `areaId`, `barcode`, `doorMaterial`, `frameMaterial`, `result`) VALUES ('d00000461', 'ar00000197', 'QVR-00197', 'Wood', 'Wood', 'Compliant');
INSERT INTO `FireDoors` (`firedoorId`, `areaId`, `barcode`, `doorMaterial`, `frameMaterial`, `result`) VALUES ('d00000462', 'ar00000198', 'QVR-00198', 'Wood', 'Wood', 'Compliant');
INSERT INTO `FireDoors` (`firedoorId`, `areaId`, `barcode`, `doorMaterial`, `frameMaterial`, `result`) VALUES ('d00000463', 'ar00000199', 'QVR-00199', 'Wood', 'Wood', 'Compliant');
INSERT INTO `FireDoors` (`firedoorId`, `areaId`, `barcode`, `doorMaterial`, `frameMaterial`, `result`) VALUES ('d00000464', 'ar00000200', 'QVR-00200', 'Wood', 'Wood', 'Compliant');
INSERT INTO `FireDoors` (`firedoorId`, `areaId`, `barcode`, `doorMaterial`, `frameMaterial`, `result`) VALUES ('d00000465', 'ar00000201', 'QVR-00201', 'Wood', 'Wood', 'Compliant');
INSERT INTO `FireDoors` (`firedoorId`, `areaId`, `barcode`, `doorMaterial`, `frameMaterial`, `result`) VALUES ('d00000466', 'ar00000202', 'QVR-00202', 'Wood', 'Wood', 'Compliant');
INSERT INTO `FireDoors` (`firedoorId`, `areaId`, `barcode`, `doorMaterial`, `frameMaterial`, `result`) VALUES ('d00000467', 'ar00000203', 'QVR-00203', 'Wood', 'Wood', 'Compliant');
INSERT INTO `FireDoors` (`firedoorId`, `areaId`, `barcode`, `doorMaterial`, `frameMaterial`, `result`) VALUES ('d00000468', 'ar00000204', 'QVR-00204', 'Wood', 'Wood', 'Compliant');
INSERT INTO `FireDoors` (`firedoorId`, `areaId`, `barcode`, `doorMaterial`, `frameMaterial`, `result`) VALUES ('d00000469', 'ar00000205', 'QVR-00205', 'Wood', 'Metal', 'Compliant');
INSERT INTO `FireDoors` (`firedoorId`, `areaId`, `barcode`, `doorMaterial`, `frameMaterial`, `result`) VALUES ('d00000470', 'ar00000206', 'QVR-00206', 'Wood', 'Metal', 'Compliant');
INSERT INTO `FireDoors` (`firedoorId`, `areaId`, `barcode`, `doorMaterial`, `frameMaterial`, `result`) VALUES ('d00000471', 'ar00000207', 'QVR-00207', 'Wood', 'Metal', 'Compliant');
INSERT INTO `FireDoors` (`firedoorId`, `areaId`, `barcode`, `doorMaterial`, `frameMaterial`, `result`) VALUES ('d00000472', 'ar00000208', 'QVR-00208', 'Wood', 'Metal', 'Compliant');
INSERT INTO `FireDoors` (`firedoorId`, `areaId`, `barcode`, `doorMaterial`, `frameMaterial`, `result`) VALUES ('d00000473', 'ar00000209', 'QVR-00209', 'Wood', 'Metal', 'Compliant');
INSERT INTO `FireDoors` (`firedoorId`, `areaId`, `barcode`, `doorMaterial`, `frameMaterial`, `result`) VALUES ('d00000474', 'ar00000210', 'QVR-00210', 'Wood', 'Metal', 'Compliant');
INSERT INTO `FireDoors` (`firedoorId`, `areaId`, `barcode`, `doorMaterial`, `frameMaterial`, `result`) VALUES ('d00000475', 'ar00000211', 'QVR-00211', 'Wood', 'Metal', 'Compliant');
INSERT INTO `FireDoors` (`firedoorId`, `areaId`, `barcode`, `doorMaterial`, `frameMaterial`, `result`) VALUES ('d00000476', 'ar00000212', 'QVR-00212', 'Wood', 'Metal', 'Compliant');
INSERT INTO `FireDoors` (`firedoorId`, `areaId`, `barcode`, `doorMaterial`, `frameMaterial`, `result`) VALUES ('d00000477', 'ar00000213', 'QVR-00213', 'Wood', 'Metal', 'Compliant');
INSERT INTO `FireDoors` (`firedoorId`, `areaId`, `barcode`, `doorMaterial`, `frameMaterial`, `result`) VALUES ('d00000478', 'ar00000214', 'QVR-00214', 'Wood', 'Wood', 'Compliant');
INSERT INTO `FireDoors` (`firedoorId`, `areaId`, `barcode`, `doorMaterial`, `frameMaterial`, `result`) VALUES ('d00000479', 'ar00000215', 'QVR-00215', 'Wood', 'Wood', 'Compliant');
INSERT INTO `FireDoors` (`firedoorId`, `areaId`, `barcode`, `doorMaterial`, `frameMaterial`, `result`) VALUES ('d00000480', 'ar00000216', 'QVR-00216', 'Wood', 'Wood', 'Compliant');
INSERT INTO `FireDoors` (`firedoorId`, `areaId`, `barcode`, `doorMaterial`, `frameMaterial`, `result`) VALUES ('d00000481', 'ar00000217', 'QVR-00217', 'Wood', 'Wood', 'Compliant');
INSERT INTO `FireDoors` (`firedoorId`, `areaId`, `barcode`, `doorMaterial`, `frameMaterial`, `result`) VALUES ('d00000482', 'ar00000218', 'QVR-00218', 'Wood', 'Wood', 'Compliant');
INSERT INTO `FireDoors` (`firedoorId`, `areaId`, `barcode`, `doorMaterial`, `frameMaterial`, `result`) VALUES ('d00000483', 'ar00000219', 'QVR-00219', 'Wood', 'Wood', 'Compliant');
INSERT INTO `FireDoors` (`firedoorId`, `areaId`, `barcode`, `doorMaterial`, `frameMaterial`, `result`) VALUES ('d00000484', 'ar00000220', 'QVR-00220', 'Wood', 'Wood', 'Compliant');
INSERT INTO `FireDoors` (`firedoorId`, `areaId`, `barcode`, `doorMaterial`, `frameMaterial`, `result`) VALUES ('d00000485', 'ar00000221', 'QVR-00221', 'Wood', 'Wood', 'Compliant');
INSERT INTO `FireDoors` (`firedoorId`, `areaId`, `barcode`, `doorMaterial`, `frameMaterial`, `result`) VALUES ('d00000486', 'ar00000222', 'QVR-00222', 'Wood', 'Wood', 'Compliant');
INSERT INTO `FireDoors` (`firedoorId`, `areaId`, `barcode`, `doorMaterial`, `frameMaterial`, `result`) VALUES ('d00000487', 'ar00000223', 'QVR-00223', 'Wood', 'Wood', 'Compliant');
INSERT INTO `FireDoors` (`firedoorId`, `areaId`, `barcode`, `doorMaterial`, `frameMaterial`, `result`) VALUES ('d00000488', 'ar00000224', 'QVR-00224', 'Wood', 'Wood', 'Compliant');
INSERT INTO `FireDoors` (`firedoorId`, `areaId`, `barcode`, `doorMaterial`, `frameMaterial`, `result`) VALUES ('d00000489', 'ar00000225', 'QVR-00225', 'Wood', 'Wood', 'Compliant');
INSERT INTO `FireDoors` (`firedoorId`, `areaId`, `barcode`, `doorMaterial`, `frameMaterial`, `result`) VALUES ('d00000490', 'ar00000226', 'QVR-00226', 'Wood', 'Wood', 'Compliant');
INSERT INTO `FireDoors` (`firedoorId`, `areaId`, `barcode`, `doorMaterial`, `frameMaterial`, `result`) VALUES ('d00000491', 'ar00000227', 'QVR-00227', 'Wood', 'Wood', 'Compliant');
INSERT INTO `FireDoors` (`firedoorId`, `areaId`, `barcode`, `doorMaterial`, `frameMaterial`, `result`) VALUES ('d00000492', 'ar00000228', 'QVR-00228', 'Wood', 'Wood', 'Compliant');
INSERT INTO `FireDoors` (`firedoorId`, `areaId`, `barcode`, `doorMaterial`, `frameMaterial`, `result`) VALUES ('d00000493', 'ar00000229', 'QVR-00229', 'Wood', 'Wood', 'Compliant');
INSERT INTO `FireDoors` (`firedoorId`, `areaId`, `barcode`, `doorMaterial`, `frameMaterial`, `result`) VALUES ('d00000494', 'ar00000230', 'QVR-00230', 'Wood', 'Metal', 'Compliant');
INSERT INTO `FireDoors` (`firedoorId`, `areaId`, `barcode`, `doorMaterial`, `frameMaterial`, `result`) VALUES ('d00000495', 'ar00000231', 'QVR-00231', 'Wood', 'Metal', 'Compliant');
INSERT INTO `FireDoors` (`firedoorId`, `areaId`, `barcode`, `doorMaterial`, `frameMaterial`, `result`) VALUES ('d00000496', 'ar00000232', 'QVR-00232', 'Wood', 'Metal', 'Compliant');
INSERT INTO `FireDoors` (`firedoorId`, `areaId`, `barcode`, `doorMaterial`, `frameMaterial`, `result`) VALUES ('d00000497', 'ar00000233', 'QVR-00233', 'Wood', 'Metal', 'Compliant');
INSERT INTO `FireDoors` (`firedoorId`, `areaId`, `barcode`, `doorMaterial`, `frameMaterial`, `result`) VALUES ('d00000498', 'ar00000234', 'QVR-00234', 'Wood', 'Metal', 'Compliant');
INSERT INTO `FireDoors` (`firedoorId`, `areaId`, `barcode`, `doorMaterial`, `frameMaterial`, `result`) VALUES ('d00000499', 'ar00000235', 'QVR-00235', 'Wood', 'Metal', 'Compliant');
INSERT INTO `FireDoors` (`firedoorId`, `areaId`, `barcode`, `doorMaterial`, `frameMaterial`, `result`) VALUES ('d00000500', 'ar00000236', 'QVR-00236', 'Wood', 'Metal', 'Compliant');
INSERT INTO `FireDoors` (`firedoorId`, `areaId`, `barcode`, `doorMaterial`, `frameMaterial`, `result`) VALUES ('d00000501', 'ar00000237', 'QVR-00237', 'Wood', 'Metal', 'Compliant');
INSERT INTO `FireDoors` (`firedoorId`, `areaId`, `barcode`, `doorMaterial`, `frameMaterial`, `result`) VALUES ('d00000502', 'ar00000238', 'QVR-00238', 'Wood', 'Metal', 'Compliant');
INSERT INTO `FireDoors` (`firedoorId`, `areaId`, `barcode`, `doorMaterial`, `frameMaterial`, `result`) VALUES ('d00000503', 'ar00000239', 'QVR-00239', 'Wood', 'Wood', 'Compliant');
INSERT INTO `FireDoors` (`firedoorId`, `areaId`, `barcode`, `doorMaterial`, `frameMaterial`, `result`) VALUES ('d00000504', 'ar00000240', 'QVR-00240', 'Wood', 'Wood', 'Compliant');
INSERT INTO `FireDoors` (`firedoorId`, `areaId`, `barcode`, `doorMaterial`, `frameMaterial`, `result`) VALUES ('d00000505', 'ar00000241', 'QVR-00241', 'Wood', 'Wood', 'Compliant');
INSERT INTO `FireDoors` (`firedoorId`, `areaId`, `barcode`, `doorMaterial`, `frameMaterial`, `result`) VALUES ('d00000506', 'ar00000242', 'QVR-00242', 'Wood', 'Wood', 'Compliant');
INSERT INTO `FireDoors` (`firedoorId`, `areaId`, `barcode`, `doorMaterial`, `frameMaterial`, `result`) VALUES ('d00000507', 'ar00000243', 'QVR-00243', 'Wood', 'Wood', 'Compliant');
INSERT INTO `FireDoors` (`firedoorId`, `areaId`, `barcode`, `doorMaterial`, `frameMaterial`, `result`) VALUES ('d00000508', 'ar00000244', 'QVR-00244', 'Wood', 'Wood', 'Compliant');
INSERT INTO `FireDoors` (`firedoorId`, `areaId`, `barcode`, `doorMaterial`, `frameMaterial`, `result`) VALUES ('d00000509', 'ar00000245', 'QVR-00245', 'Wood', 'Wood', 'Compliant');
INSERT INTO `FireDoors` (`firedoorId`, `areaId`, `barcode`, `doorMaterial`, `frameMaterial`, `result`) VALUES ('d00000510', 'ar00000246', 'QVR-00246', 'Wood', 'Wood', 'Compliant');
INSERT INTO `FireDoors` (`firedoorId`, `areaId`, `barcode`, `doorMaterial`, `frameMaterial`, `result`) VALUES ('d00000511', 'ar00000247', 'QVR-00247', 'Wood', 'Wood', 'Compliant');
INSERT INTO `FireDoors` (`firedoorId`, `areaId`, `barcode`, `doorMaterial`, `frameMaterial`, `result`) VALUES ('d00000512', 'ar00000248', 'QVR-00248', 'Wood', 'Wood', 'Compliant');
INSERT INTO `FireDoors` (`firedoorId`, `areaId`, `barcode`, `doorMaterial`, `frameMaterial`, `result`) VALUES ('d00000513', 'ar00000249', 'QVR-00249', 'Wood', 'Wood', 'Compliant');
INSERT INTO `FireDoors` (`firedoorId`, `areaId`, `barcode`, `doorMaterial`, `frameMaterial`, `result`) VALUES ('d00000514', 'ar00000250', 'QVR-00250', 'Wood', 'Wood', 'Compliant');
INSERT INTO `FireDoors` (`firedoorId`, `areaId`, `barcode`, `doorMaterial`, `frameMaterial`, `result`) VALUES ('d00000515', 'ar00000251', 'QVR-00251', 'Wood', 'Wood', 'Compliant');
INSERT INTO `FireDoors` (`firedoorId`, `areaId`, `barcode`, `doorMaterial`, `frameMaterial`, `result`) VALUES ('d00000516', 'ar00000252', 'QVR-00252', 'Wood', 'Wood', 'Compliant');
INSERT INTO `FireDoors` (`firedoorId`, `areaId`, `barcode`, `doorMaterial`, `frameMaterial`, `result`) VALUES ('d00000517', 'ar00000253', 'QVR-00253', 'Wood', 'Wood', 'Compliant');
INSERT INTO `FireDoors` (`firedoorId`, `areaId`, `barcode`, `doorMaterial`, `frameMaterial`, `result`) VALUES ('d00000518', 'ar00000254', 'QVR-00254', 'Wood', 'Metal', 'Compliant');
INSERT INTO `FireDoors` (`firedoorId`, `areaId`, `barcode`, `doorMaterial`, `frameMaterial`, `result`) VALUES ('d00000519', 'ar00000255', 'QVR-00255', 'Wood', 'Metal', 'Compliant');
INSERT INTO `FireDoors` (`firedoorId`, `areaId`, `barcode`, `doorMaterial`, `frameMaterial`, `result`) VALUES ('d00000520', 'ar00000256', 'QVR-00256', 'Wood', 'Metal', 'Non-Compliant');
INSERT INTO `FireDoors` (`firedoorId`, `areaId`, `barcode`, `doorMaterial`, `frameMaterial`, `result`) VALUES ('d00000521', 'ar00000257', 'QVR-00257', 'Wood', 'Metal', 'Non-Compliant');
INSERT INTO `FireDoors` (`firedoorId`, `areaId`, `barcode`, `doorMaterial`, `frameMaterial`, `result`) VALUES ('d00000522', 'ar00000258', 'QVR-00258', 'Wood', 'Metal', 'Non-Compliant');
INSERT INTO `FireDoors` (`firedoorId`, `areaId`, `barcode`, `doorMaterial`, `frameMaterial`, `result`) VALUES ('d00000523', 'ar00000259', 'QVR-00259', 'Wood', 'Metal', 'Non-Compliant');
INSERT INTO `FireDoors` (`firedoorId`, `areaId`, `barcode`, `doorMaterial`, `frameMaterial`, `result`) VALUES ('d00000524', 'ar00000260', 'QVR-00260', 'Wood', 'Metal', 'Non-Compliant');
INSERT INTO `FireDoors` (`firedoorId`, `areaId`, `barcode`, `doorMaterial`, `frameMaterial`, `result`) VALUES ('d00000525', 'ar00000261', 'QVR-00261', 'Wood', 'Metal', 'Non-Compliant');
INSERT INTO `FireDoors` (`firedoorId`, `areaId`, `barcode`, `doorMaterial`, `frameMaterial`, `result`) VALUES ('d00000526', 'ar00000262', 'QVR-00262', 'Metal', 'Metal', 'Non-Compliant');
INSERT INTO `FireDoors` (`firedoorId`, `areaId`, `barcode`, `doorMaterial`, `frameMaterial`, `result`) VALUES ('d00000527', 'ar00000263', 'QVR-00263', 'Metal', 'Metal', 'Non-Compliant');
INSERT INTO `FireDoors` (`firedoorId`, `areaId`, `barcode`, `doorMaterial`, `frameMaterial`, `result`) VALUES ('d00000528', 'ar00000264', 'QVR-00264', 'Metal', 'Metal', 'Non-Compliant');
